{
    "delta_z": [
        1.673690678291996,
        2.0700887221936,
        1.0721063554600279,
        0.7989948684819865,
        1.5957120042759925,
        1.5142536092560022,
        0.3253671376379998,
        1.1155192081960195,
        1.4357664418159857,
        2.100383479959987,
        0.8985194008020244,
        0.8935240433619811,
        0.8837101420519957,
        2.5757130488718074,
        1.6190874145999714,
        1.6439865957259827,
        1.9974220421202062,
        2.4281446986205766,
        2.144640289838003,
        1.3812101176539955,
        0.9450394339039804,
        2.2286606575651833,
        0.9105200178420091,
        2.6855749044356116,
        0.7137250005460146,
        1.8466824202625958,
        0.5934836233160012,
        0.6786496168679832,
        1.0983356790960215,
        1.2823348188320096,
        1.1792049399859934
    ],
    "delta_phase": [
        0.046647130553810645,
        0.0925250849196914,
        0.0449396423301323,
        0.05209635306536026,
        0.05232679400525055,
        0.033233834634415885,
        0.01895485638673336,
        0.10117222159790355,
        0.05425316897909628,
        0.03053241410731286,
        0.03222287179398792,
        0.07709922740554018,
        0.0595843843220905,
        0.04931584316432236,
        0.18837774911631883,
        0.08151199397894979,
        0.11529122917656875,
        0.1108163545794582,
        0.0905276381304362,
        0.1553442696216848,
        0.06999982687992759,
        0.024722332595126767,
        0.038239309287405376,
        0.08724692500711619,
        0.07747674697061473,
        0.08195567182118563,
        0.03551353441744138,
        0.10589959031368619,
        0.03960820655250926,
        0.09872114299092793,
        0.06258528001418424
    ]
}