{
    "dwi g1": {
        "z_mid": [
            1004.336,
            1002.906,
            998.576,
            986.206,
            993.716
        ],
        "z_avg": 997.1480000000001,
        "phase_mid": [
            -15.729999999999961,
            -13.359999999999957,
            -15.95999999999998,
            -15.089999999999975,
            -15.42999999999995
        ],
        "phase_avg": -15.113999999999965,
        "r_avg": 1032.8762761531343,
        "c_avg": 1.189051895090352e-09
    },
    "dwi g2": {
        "z_mid": [
            1000.096,
            1002.906,
            1002.836,
            999.076,
            1008.636
        ],
        "z_avg": 1002.7099999999998,
        "phase_mid": [
            -16.0,
            -13.359999999999957,
            -13.289999999999964,
            -13.419999999999959,
            -14.799999999999955
        ],
        "phase_avg": -14.173999999999968,
        "r_avg": 1034.1944287625338,
        "c_avg": 1.110472434693233e-09
    },
    "dwi g3": {
        "z_mid": [
            1003.7959999999999,
            1002.536,
            1007.786,
            1007.9159999999999,
            1006.4159999999999
        ],
        "z_avg": 1005.6899999999999,
        "phase_mid": [
            -13.359999999999957,
            -13.370000000000005,
            -14.859999999999957,
            -14.879999999999995,
            -14.909999999999968
        ],
        "phase_avg": -14.275999999999977,
        "r_avg": 1037.7362189641508,
        "c_avg": 1.1149845754233935e-09
    },
    "dwi g4": {
        "z_mid": [
            1023.626,
            1020.336,
            1061.2259999999999,
            1021.656,
            1017.896
        ],
        "z_avg": 1028.9479999999999,
        "phase_mid": [
            -13.839999999999975,
            -13.810000000000002,
            -16.989999999999952,
            -15.409999999999968,
            -15.439999999999998
        ],
        "phase_avg": -15.09799999999998,
        "r_avg": 1065.7353472716572,
        "c_avg": 1.1511123562569717e-09
    },
    "dwi t1": {
        "z_mid": [
            1075.396,
            1030.5059999999999,
            1020.336,
            1021.4459999999999,
            1023.396
        ],
        "z_avg": 1034.216,
        "phase_mid": [
            -16.50999999999999,
            -14.389999999999986,
            -14.329999999999984,
            -14.229999999999961,
            -13.870000000000005
        ],
        "phase_avg": -14.665999999999986,
        "r_avg": 1069.0475297324165,
        "c_avg": 1.1132095936430272e-09
    },
    "angga g1": {
        "z_mid": [
            1012.4459999999999,
            1012.116,
            1031.626,
            1016.756,
            1010.156
        ],
        "z_avg": 1016.6200000000001,
        "phase_mid": [
            -15.329999999999984,
            -15.139999999999986,
            -15.729999999999961,
            -15.529999999999973,
            -15.029999999999973
        ],
        "phase_avg": -15.351999999999975,
        "r_avg": 1054.2378006166389,
        "c_avg": 1.1842044617318889e-09
    },
    "angga g2": {
        "z_mid": [
            1016.386,
            1004.6659999999999,
            1001.376,
            1011.516,
            1010.156
        ],
        "z_avg": 1008.82,
        "phase_mid": [
            -15.199999999999989,
            -14.979999999999961,
            -14.919999999999959,
            -15.25,
            -15.029999999999973
        ],
        "phase_avg": -15.075999999999976,
        "r_avg": 1044.779572222232,
        "c_avg": 1.1724082668208503e-09
    },
    "angga g3": {
        "z_mid": [
            1003.6859999999999,
            1001.9159999999999,
            1001.466,
            998.406,
            1338.876
        ],
        "z_avg": 1068.87,
        "phase_mid": [
            -15.019999999999982,
            -15.009999999999991,
            -15.139999999999986,
            -14.979999999999961,
            -27.629999999999995
        ],
        "phase_avg": -17.555999999999983,
        "r_avg": 1121.0873447805168,
        "c_avg": 1.2832550128296722e-09
    },
    "angga g4": {
        "z_mid": [
            988.336,
            1129.266,
            987.0559999999999,
            988.106,
            986.026
        ],
        "z_avg": 1015.758,
        "phase_mid": [
            -15.42999999999995,
            -21.289999999999964,
            -14.95999999999998,
            -14.870000000000005,
            -14.599999999999966
        ],
        "phase_avg": -16.229999999999972,
        "r_avg": 1057.918733133497,
        "c_avg": 1.2512213113845366e-09
    },
    "angga t1": {
        "z_mid": [
            989.006,
            988.8159999999999,
            987.366,
            2441.186,
            2378.166
        ],
        "z_avg": 1556.908,
        "phase_mid": [
            -14.489999999999952,
            -14.589999999999975,
            -14.620000000000005,
            -23.599999999999966,
            -23.620000000000005
        ],
        "phase_avg": -18.18399999999998,
        "r_avg": 1638.7483463090634,
        "c_avg": 9.114663397612777e-10
    },
    "avima g1": {
        "z_mid": [
            983.236,
            980.356,
            961.866,
            975.3059999999999,
            964.6859999999999
        ],
        "z_avg": 973.0899999999999,
        "phase_mid": [
            -275.58,
            -275.28,
            -274.73999999999995,
            -275.45,
            -275.03
        ],
        "phase_avg": -275.216,
        "r_avg": 10703.802891884538,
        "c_avg": 4.6536846685193665e-09
    },
    "avima g2": {
        "z_mid": [
            961.866,
            974.576,
            986.106,
            987.616,
            980.356
        ],
        "z_avg": 978.1039999999999,
        "phase_mid": [
            -274.73999999999995,
            -274.69,
            -275.88,
            -274.64,
            -275.28
        ],
        "phase_avg": -275.04599999999994,
        "r_avg": 11120.440204212888,
        "c_avg": 4.631062394159922e-09
    },
    "avima g3": {
        "z_mid": [
            982.526,
            973.096,
            1001.606,
            1020.0559999999999,
            1010.386
        ],
        "z_avg": 997.534,
        "phase_mid": [
            -274.82,
            -275.90999999999997,
            -274.75,
            -275.84999999999997,
            -274.88
        ],
        "phase_avg": -275.242,
        "r_avg": 10918.409165452673,
        "c_avg": 4.53946026338596e-09
    },
    "avima g4": {
        "z_mid": [
            935.256,
            942.896,
            927.736,
            917.616,
            956.3159999999999
        ],
        "z_avg": 935.9639999999999,
        "phase_mid": [
            -274.98999999999995,
            -275.10999999999996,
            -274.85999999999996,
            -274.45,
            -275.84999999999997
        ],
        "phase_avg": -275.05199999999996,
        "r_avg": 10628.728899101197,
        "c_avg": 4.839522399968582e-09
    },
    "avima t1": {
        "z_mid": [
            1007.976,
            82.436,
            940.086,
            948.486,
            927.736
        ],
        "z_avg": 781.3439999999999,
        "phase_mid": [
            -275.38,
            -29.049999999999955,
            -274.82,
            -275.71,
            -274.85999999999996
        ],
        "phase_avg": -225.964,
        "r_avg": 1124.0577266630478,
        "c_avg": 4.183889611286362e-09
    },
    "aldian g1": {
        "z_mid": [
            1111.966,
            1007.216,
            1001.706,
            1001.096,
            1000.376
        ],
        "z_avg": 1024.4720000000002,
        "phase_mid": [
            -20.099999999999966,
            -14.829999999999984,
            -14.96999999999997,
            -14.739999999999952,
            -15.089999999999975
        ],
        "phase_avg": -15.94599999999997,