{
    "delta_z": [
        -1.6897551235279935,
        0.20486569354800394,
        -2.7869932931799895,
        1.0155984674900083,
        1.2391167591520116,
        -0.6964497099820164,
        -0.8141762382760135,
        -0.870382232828024,
        -0.25749644279399037,
        -2.530450847793986,
        -2.4746762816840144,
        0.2374913003640131,
        -4.9828931805380305,
        -1.2558383287079777,
        -2.205888889877997,
        0.4449229423179986,
        0.010547129721999227,
        -0.44881910727001467,
        0.1991839687059837,
        -1.249590966819983,
        -2.662934019223985,
        0.30579657272999156,
        -0.9019977973160167,
        -2.212015429211988,
        -0.43527224308404583,
        1.725514257016016,
        -1.268918623126001,
        -0.8466430533940184,
        -2.057039003559976,
        -1.3692887598300103,
        -3.352325359091992
    ],
    "delta_phase": [
        0.038780242066673,
        0.0030599649711574783,
        0.08161752507489832,
        0.0163150022657987,
        0.058463767279693005,
        -0.07519115920124483,
        -0.09087637277028768,
        0.03399940987062559,
        -0.030797341029642676,
        -0.027102771259808374,
        -0.0020574678792286125,
        0.031162879320686405,
        -0.038642278506790737,
        -0.10883860691375269,
        0.16848699717140783,
        0.09047393121810507,
        0.02694579325935818,
        0.10789166315116727,
        -0.210209491340788,
        0.0854345938959,
        0.028301452482071478,
        -0.03170663188238904,
        -0.05639235352285825,
        0.024719387912819066,
        0.04122812498808336,
        0.11648059608777443,
        -0.08866564761812018,
        -0.10313873117594323,
        0.0667587394450152,
        0.0928622767704384,
        -0.14883665117977204
    ]
}