{
    "delta_z": [
        -0.6897551235279934,
        1.204865693548004,
        -1.7869932931799895,
        2.0155984674900083,
        2.2391167591520116,
        0.30355029001798356,
        0.18582376172398654,
        0.1296177671719761,
        0.7425035572060097,
        -1.5304508477939862,
        -1.4746762816840147,
        1.2374913003640131,
        -3.9828931805380305,
        -0.2558383287079778,
        -1.205888889877997,
        1.4449229423179986,
        1.0105471297219992,
        0.5511808927299853,
        1.1991839687059838,
        -0.24959096681998288,
        -1.6629340192239852,
        1.3057965727299916,
        0.09800220268398334,
        -1.2120154292119878,
        0.5647277569159541,
        2.725514257016016,
        -0.26891862312600096,
        0.15335694660598165,
        -1.0570390035599757,
        -0.36928875983001036,
        -2.352325359091992
    ],
    "delta_phase": [
        0.038780242066673,
        0.0030599649711574783,
        0.08161752507489832,
        0.0163150022657987,
        0.058463767279693005,
        -0.07519115920124483,
        -0.09087637277028768,
        0.03399940987062559,
        -0.030797341029642676,
        -0.027102771259808374,
        -0.0020574678792286125,
        0.031162879320686405,
        -0.038642278506790737,
        -0.10883860691375269,
        0.16848699717140783,
        0.09047393121810507,
        0.02694579325935818,
        0.10789166315116727,
        -0.210209491340788,
        0.0854345938959,
        0.028301452482071478,
        -0.03170663188238904,
        -0.05639235352285825,
        0.024719387912819066,
        0.04122812498808336,
        0.11648059608777443,
        -0.08866564761812018,
        -0.10313873117594323,
        0.0667587394450152,
        0.0928622767704384,
        -0.14883665117977204
    ]
}