{
    "delta_z": [
        1.0595069850439813,
        0.15159619118242063,
        0.8564429834680141,
        -0.6859736563179922,
        -1.5957120042759925,
        0.598052141215976,
        -0.3253671376379998,
        0.590907852304008,
        1.0427557995159986,
        2.100383479959987,
        -0.8985194008020244,
        0.5888168868860021,
        -0.2711136730440103,
        -2.5757130488718074,
        0.7627353785319884,
        0.46724465507400054,
        -1.818069370724197,
        -2.4281446986205766,
        0.6578145445459768,
        -1.179545498338007,
        0.7479737891679861,
        -2.2286606575651833,
        -0.7495859162459965,
        -2.6855749044356116,
        -0.28579223083800115,
        -1.8466824202625958,
        -0.5934836233160012,
        0.554846769360006,
        -1.0983356790960215,
        -1.1708280610600241,
        -1.1792049399859934
    ],
    "delta_phase": [
        -0.046647130553810645,
        0.063588385124001,
        0.0008181881128848211,
        -0.035743706435061987,
        -0.027052327149465323,
        0.010531201954518123,
        0.01895485638673336,
        -0.02619312054168852,
        0.04633285798726096,
        0.018483841300815103,
        -0.03222287179398792,
        0.07709922740554018,
        0.006518918454128176,
        -0.04931584316432236,
        -0.18837774911631883,
        -0.0009168445054796588,
        -0.11529122917656875,
        -0.0138842766645326,
        -0.047809954105821395,
        -0.1553442696216848,
        -0.004261764113232447,
        -0.015218035146733649,
        0.0034283183283605793,
        -0.019798681989755103,
        -0.06522025285632926,
        -0.07873327767432553,
        -0.03551353441744138,
        -0.09294964428287371,
        -0.013198901705811741,
        0.09872114299092793,
        0.05486218026079539
    ]
}