{
    "1003ohm": {
        "id": "1003ohm",
        "weight": 58.0,
        "height": 168.0,
        "age": 21.0,
        "gender": 1.0,
        "impedance": 998.7410334644653,
        "ffm": 41.290273677958034,
        "ffm_percentage": 71.19012703096213,
        "fm": 16.709726322041966,
        "fm_percentage": 28.809872969037876,
        "tbw": 30.141899784909363,
        "tbw_percentage": 51.96879273260235
    },
    "g1": {
        "id": "g1",
        "weight": 58.0,
        "height": 168.0,
        "age": 21.0,
        "gender": 1.0,
        "impedance": 771.8159760592188,
        "ffm": 44.563911140656124,
        "ffm_percentage": 76.83432955285538,
        "fm": 13.436088859343876,
        "fm_percentage": 23.165670447144613,
        "tbw": 32.53165513267897,
        "tbw_percentage": 56.08906057358444
    },
    "g2": {
        "id": "g2",
        "weight": 58.0,
        "height": 168.0,
        "age": 21.0,
        "gender": 1.0,
        "impedance": 837.8100810517868,
        "ffm": 43.42900333512296,
        "ffm_percentage": 74.87759195710855,
        "fm": 14.570996664877043,
        "fm_percentage": 25.122408042891454,
        "tbw": 31.703172434639757,
        "tbw_percentage": 54.66064212868924
    },
    "g3": {
        "id": "g3",
        "weight": 58.0,
        "height": 168.0,
        "age": 21.0,
        "gender": 1.0,
        "impedance": 784.6624111203371,
        "ffm": 44.32802588323627,
        "ffm_percentage": 76.42763083316598,
        "fm": 13.671974116763728,
        "fm_percentage": 23.572369166834015,
        "tbw": 32.359458894762476,
        "tbw_percentage": 55.79217050821117
    },
    "g4": {
        "id": "g4",
        "weight": 58.0,
        "height": 168.0,
        "age": 21.0,
        "gender": 1.0,
        "impedance": 729.477128655866,
        "ffm": 45.400146201663894,
        "ffm_percentage": 78.27611414079982,
        "fm": 12.599853798336106,
        "fm_percentage": 21.72388585920018,
        "tbw": 33.14210672721464,
        "tbw_percentage": 57.14156332278386
    },
    "t1": {
        "id": "t1",
        "weight": 58.0,
        "height": 168.0,
        "age": 21.0,
        "gender": 1.0,
        "impedance": 1813.128037601188,
        "ffm": 36.28918848387143,
        "ffm_percentage": 62.56756635150246,
        "fm": 21.710811516128572,
        "fm_percentage": 37.432433648497536,
        "tbw": 26.49110759322614,
        "tbw_percentage": 45.674323436596794
    }
}