{
    "dwi p1": {
        "id": "id001 dwi",
        "weight": 60,
        "height": 165,
        "age": 21,
        "gender": 1,
        "impedance": 1219.4890062960142,
        "ffm": 39.360020254893755,
        "ffm_percentage": 65.60003375815626,
        "fm": 20.639979745106245,
        "fm_percentage": 34.39996624184374,
        "tbw": 28.73281478607244,
        "tbw_percentage": 47.88802464345407
    },
    "dwi p2": {
        "id": "id001 dwi",
        "weight": 60,
        "height": 165,
        "age": 21,
        "gender": 1,
        "impedance": 1218.18282062656,
        "ffm": 39.36945170919653,
        "ffm_percentage": 65.61575284866089,
        "fm": 20.630548290803468,
        "fm_percentage": 34.38424715133912,
        "tbw": 28.73969974771347,
        "tbw_percentage": 47.89949957952245
    },
    "dwi p3": {
        "id": "id001 dwi",
        "weight": 60,
        "height": 165,
        "age": 21,
        "gender": 1,
        "impedance": 1192.0072406677818,
        "ffm": 39.5628127874045,
        "ffm_percentage": 65.93802131234085,
        "fm": 20.437187212595497,
        "fm_percentage": 34.06197868765916,
        "tbw": 28.880853334805288,
        "tbw_percentage": 48.13475555800881
    },
    "dwi p4": {
        "id": "id001 dwi",
        "weight": 60,
        "height": 165,
        "age": 21,
        "gender": 1,
        "impedance": 1066.759823935918,
        "ffm": 40.61935619107114,
        "ffm_percentage": 67.69892698511856,
        "fm": 19.38064380892886,
        "fm_percentage": 32.30107301488143,
        "tbw": 29.65213001948193,
        "tbw_percentage": 49.420216699136546
    },
    "dwi p5": {
        "id": "id001 dwi",
        "weight": 60,
        "height": 165,
        "age": 21,
        "gender": 1,
        "impedance": 925.8553924658878,
        "ffm": 42.14966455116824,
        "ffm_percentage": 70.24944091861374,
        "fm": 17.850335448831757,
        "fm_percentage": 29.750559081386264,
        "tbw": 30.769255122352817,
        "tbw_percentage": 51.28209187058803
    },
    "dwi p6": {
        "id": "id001 dwi",
        "weight": 60,
        "height": 165,
        "age": 21,
        "gender": 1,
        "impedance": 907.2045707212386,
        "ffm": 42.387849158379105,
        "ffm_percentage": 70.64641526396518,
        "fm": 17.612150841620895,
        "fm_percentage": 29.353584736034826,
        "tbw": 30.943129885616745,
        "tbw_percentage": 51.571883142694574
    },
    "angga p1": {
        "id": "id002 angga",
        "weight": 58,
        "height": 181,
        "age": 21,
        "gender": 1,
        "impedance": 1390.188349109052,
        "ffm": 39.4409533721617,
        "ffm_percentage": 68.00164374510638,
        "fm": 18.5590466278383,
        "fm_percentage": 31.99835625489362,
        "tbw": 28.79189596167804,
        "tbw_percentage": 49.64119993392765
    },
    "angga p2": {
        "id": "id002 angga",
        "weight": 58,
        "height": 181,
        "age": 21,
        "gender": 1,
        "impedance": 1405.283666407582,
        "ffm": 39.341215987742274,
        "ffm_percentage": 67.82968273748668,
        "fm": 18.658784012257726,
        "fm_percentage": 32.17031726251332,
        "tbw": 28.71908767105186,
        "tbw_percentage": 49.51566839836528
    },
    "angga p3": {
        "id": "id002 angga",
        "weight": 58,
        "height": 181,
        "age": 21,
        "gender": 1,
        "impedance": 1191.414836193536,
        "ffm": 40.99003832811028,
        "ffm_percentage": 70.67247987605221,
        "fm": 17.00996167188972,
        "fm_percentage": 29.327520123947792,
        "tbw": 29.922727979520506,
        "tbw_percentage": 51.590910309518115
    },
    "angga p4": {
        "id": "id002 angga",
        "weight": 58,
        "height": 181,
        "age": 21,
        "gender": 1,
        "impedance": 1049.183852848736,
        "ffm": 42.45873794716984,
        "ffm_percentage": 73.20472059856868,
        "fm": 15.541262052830163,
        "fm_percentage": 26.795279401431316,
        "tbw": 30.99487870143398,
        "tbw_percentage": 53.43944603695514
    },
    "angga p5": {
        "id": "id002 angga",
        "weight": 58,
        "height": 181,
        "age": 21,
        "gender": 1,
        "impedance": 1049.436673126402,
        "ffm": 42.45577408884136,
        "ffm_percentage": 73.19961049800234,
        "fm": 15.544225911158641,
        "fm_percentage": 26.800389501997657,
        "tbw": 30.99271508485419,
        "tbw_percentage": 53.43571566354171
    },
    "angga p6": {
        "id": "id002 angga",
        "weight": 58,
        "height": 181,
        "age": 21,
        "gender": 1,
        "impedance": 817.5690510504459,
        "ffm": 45.94406583176735,
        "ffm_percentage": 79.21390660649543,
        "fm": 12.055934168232653,
        "fm_percentage": 20.786093393504572,
        "tbw": 33.53916805719016,
        "tbw_percentage": 57.82615182274166
    },
    "avima p1": {
        "id": "id003 avima",
        "weight": 58,
        "height": 169,
        "age": 21,
        "gender": 1,
        "impedance": 1215.7819046312,
        "ffm": 39.41179987424927,
        "ffm_percentage": 67.95137909353322,
        "fm": 18.58820012575073,
        "fm_percentage": 32.04862090646678,
        "tbw": 28.770613908201966,
        "tbw_percentage": 49.604506738279255
    },
    "avima p2": {
        "id": "id003 avima",
        "weight": 58,
        "height": 169,
        "age": 21,
        "gender": 1,
        "impedance": 1279.3598248788999,
        "ffm": 38.95183193185324,
        "ffm_percentage": 67.15833091698835,
        "fm": 19.048168068146758,
        "fm_percentage": 32.84166908301165,
        "tbw": 28.434837310252867,
        "tbw_percentage": 49.025581569401496
    },
    "avima p3": {
        "id": "id003 avima",
        "weight": 58,
        "height": 169,
        "age": 21,
        "gender": 1,
        "impedance": 1131.926954445946,
        "ffm": 40.09748425903341,
        "ffm_percentage": 69.1335935500576,
        "fm": 17.902515740966592,
        "fm_percentage": 30.866406449942403,
        "tbw": 29.271163509094386,
        "tbw_percentage": 50.46752329154205
    },
    "avima p4": {
        "id": "id003 avima",
        "weight": 58,
        "height": 169,
        "age": 21,
        "gender": 1,
        "impedance": 1231.511724095588,
        "ffm": 39.293577645283186,
        "ffm_percentage": 67.74754766428136,
        "fm": 18.706422354716814,
        "fm_percentage": 32.252452335718644,
        "tbw": 28.684311681056727,
        "tbw_percentage": 49.45570979492539
    },
    "avima p5": {
        "id": "id003 avima",
        "weight": 58,
        "height": 169,
        "age": 21,
        "gender": 1,
        "impedance": 759.5379086855481,
        "ffm": 44.97163180891713,
        "ffm_percentage": 77.53729622227091,
        "fm": 13.028368191082869,
        "fm_percentage": 22.462703777729086,
        "tbw": 32.8292912205095,
        "tbw_percentage": 56.60222624225777
    },
    "avima p6": {
        "id": "id003 avima",
        "weight": 58,
        "height": 169,
        "age": 21,
        "gender": 1,
        "impedance": 720.0510142783203,
        "ffm": 45.784106588084576,
        "ffm_percentage": 78.93811480704237,
        "fm": 12.215893411915424,
        "fm_percentage": 21.06188519295763,
        "tbw": 33.42239780930174,
        "tbw_percentage": 57.624823809140935
    },
    "aldian p1": {
        "id": "id004 aldian",
        "weight": 62,
        "height": 167,
        "age": 21,
        "gender": 1,
        "impedance": 1191.970747450564,
        "ffm": 40.19057019016797,
        "ffm_percentage": 64.82350030672252,
        "fm": 21.809429809832032,
        "fm_percentage": 35.17649969327747,
        "tbw": 29.339116238822616,
        "tbw_percentage": 47.321155223907446
    },
    "aldian p2": {
        "id": "id004 aldian",
        "weight": 62,
        "height": 167,
        "age": 21,
        "gender": 1,