{
    "1003ohm": {
        "z_mid": [
            1000.15302697252,
            998.781277227867,
            998.263098277347,
            997.743584341733,
            1001.10040377823
        ],
        "z_avg": 999.2082781195393,
        "phase_mid": [
            -0.0735810727370563,
            -0.0438530467174587,
            -0.122403444517431,
            -0.200872231616529,
            -0.0491005065619561
        ],
        "phase_avg": -0.09796206043008622,
        "r_avg": 999.2097386045832,
        "c_avg": 7.78092324000911e-12
    },
    "g1": {
        "z_mid": [
            765.866841026597,
            770.855219345182,
            779.968273529139,
            770.935442390633,
            773.790327279913
        ],
        "z_avg": 772.2832207142927,
        "phase_mid": [
            -16.4906113771777,
            -16.8554873495379,
            -17.7947914717612,
            -16.9009489111438,
            -16.0833646968881
        ],
        "phase_avg": -16.82504076130174,
        "r_avg": 806.8207256687493,
        "c_avg": 1.7043127065088817e-09
    },
    "g2": {
        "z_mid": [
            843.749214512517,
            837.473564803541,
            830.342719174403,
            836.504297086588,
            843.316832957255
        ],
        "z_avg": 838.2773257068608,
        "phase_mid": [
            -19.728204227457,
            -19.412771211587,
            -19.5044802397675,
            -19.8178870511984,
            -19.3782354328979
        ],
        "phase_avg": -19.56831563258156,
        "r_avg": 889.6616825016416,
        "c_avg": 1.8168503162146436e-09
    },
    "g3": {
        "z_mid": [
            786.210959091449,
            769.125549508143,
            799.070824176781,
            788.310181328447,
            782.930764772235
        ],
        "z_avg": 785.129655775411,
        "phase_mid": [
            -15.0031405914517,
            -13.7220630888716,
            -15.1378542773312,
            -14.5024174624377,
            -14.4284902189179
        ],
        "phase_avg": -14.558793127802023,
        "r_avg": 811.1763604988462,
        "c_avg": 1.4558944425780713e-09
    },
    "g4": {
        "z_mid": [
            735.127338759355,
            722.774232609578,
            735.83150677496,
            726.961960109553,
            729.026828301254
        ],
        "z_avg": 729.9443733109399,
        "phase_mid": [
            -16.1458451360121,
            -15.2411943399028,
            -16.5357053876079,
            -15.9754554501455,
            -15.6006898477544
        ],
        "phase_avg": -15.899778032284539,
        "r_avg": 758.9811943547645,
        "c_avg": 1.7066416278441734e-09
    },
    "t1": {
        "z_mid": [
            1750.8963392162,
            1745.94018663125,
            1831.3524369718,
            1853.9327642088,
            1885.85468425326
        ],
        "z_avg": 1813.595282256262,
        "phase_mid": [
            -19.2405744908138,
            -18.6292227498968,
            -19.3332277234184,
            -18.6066396287573,
            -19.5213029912659
        ],
        "phase_avg": -19.066193516830438,
        "r_avg": 1918.8604807218042,
        "c_avg": 8.190455455817799e-10
    }
}