{
    "dwi g1": {
        "z_mid": [
            1002.336,
            1000.906,
            996.576,
            984.206,
            991.716
        ],
        "z_avg": 995.1480000000001,
        "phase_mid": [
            -15.729999999999961,
            -13.359999999999957,
            -15.95999999999998,
            -15.089999999999975,
            -15.42999999999995
        ],
        "phase_avg": -15.113999999999965,
        "r_avg": 1030.8046152238578,
        "c_avg": 1.191441593698178e-09
    },
    "dwi g2": {
        "z_mid": [
            998.096,
            1000.906,
            1000.836,
            997.076,
            1006.636
        ],
        "z_avg": 1000.7099999999998,
        "phase_mid": [
            -16.0,
            -13.359999999999957,
            -13.289999999999964,
            -13.419999999999959,
            -14.799999999999955
        ],
        "phase_avg": -14.173999999999968,
        "r_avg": 1032.131630089413,
        "c_avg": 1.1126918038105462e-09
    },
    "dwi g3": {
        "z_mid": [
            1001.7959999999999,
            1000.536,
            1005.786,
            1005.9159999999999,
            1004.4159999999999
        ],
        "z_avg": 1003.6899999999999,
        "phase_mid": [
            -13.359999999999957,
            -13.370000000000005,
            -14.859999999999957,
            -14.879999999999995,
            -14.909999999999968
        ],
        "phase_avg": -14.275999999999977,
        "r_avg": 1035.6724891488714,
        "c_avg": 1.1172063462399273e-09
    },
    "dwi g4": {
        "z_mid": [
            1021.626,
            1018.336,
            1059.2259999999999,
            1019.656,
            1015.896
        ],
        "z_avg": 1026.9479999999999,
        "phase_mid": [
            -13.839999999999975,
            -13.810000000000002,
            -16.989999999999952,
            -15.409999999999968,
            -15.439999999999998
        ],
        "phase_avg": -15.09799999999998,
        "r_avg": 1063.6638424973214,
        "c_avg": 1.1533541686101911e-09
    },
    "dwi t1": {
        "z_mid": [
            1073.396,
            1028.5059999999999,
            1018.336,
            1019.4459999999999,
            1021.396
        ],
        "z_avg": 1032.216,
        "phase_mid": [
            -16.50999999999999,
            -14.389999999999986,
            -14.329999999999984,
            -14.229999999999961,
            -13.870000000000005
        ],
        "phase_avg": -14.665999999999986,
        "r_avg": 1066.9801714054665,
        "c_avg": 1.1153665251256686e-09
    },
    "angga g1": {
        "z_mid": [
            1010.4459999999999,
            1010.116,
            1029.626,
            1014.756,
            1008.156
        ],
        "z_avg": 1014.6200000000001,
        "phase_mid": [
            -15.329999999999984,
            -15.139999999999986,
            -15.729999999999961,
            -15.529999999999973,
            -15.029999999999973
        ],
        "phase_avg": -15.351999999999975,
        "r_avg": 1052.163794988938,
        "c_avg": 1.1865387434565383e-09
    },
    "angga g2": {
        "z_mid": [
            1014.386,
            1002.6659999999999,
            999.376,
            1009.516,
            1008.156
        ],
        "z_avg": 1006.82,
        "phase_mid": [
            -15.199999999999989,
            -14.979999999999961,
            -14.919999999999959,
            -15.25,
            -15.029999999999973
        ],
        "phase_avg": -15.075999999999976,
        "r_avg": 1042.708281858793,
        "c_avg": 1.1747372000300055e-09
    },
    "angga g3": {
        "z_mid": [
            1001.6859999999999,
            999.9159999999999,
            999.466,
            996.406,
            1336.876
        ],
        "z_avg": 1066.87,
        "phase_mid": [
            -15.019999999999982,
            -15.009999999999991,
            -15.139999999999986,
            -14.979999999999961,
            -27.629999999999995
        ],
        "phase_avg": -17.555999999999983,
        "r_avg": 1118.989639082386,
        "c_avg": 1.2856606574027314e-09
    },
    "angga g4": {
        "z_mid": [
            986.336,
            1127.266,
            985.0559999999999,
            986.106,
            984.026
        ],
        "z_avg": 1013.758,
        "phase_mid": [
            -15.42999999999995,
            -21.289999999999964,
            -14.95999999999998,
            -14.870000000000005,
            -14.599999999999966
        ],
        "phase_avg": -16.229999999999972,
        "r_avg": 1055.8357197914736,
        "c_avg": 1.2536897926421633e-09
    },
    "angga t1": {
        "z_mid": [
            987.006,
            986.8159999999999,
            985.366,
            2439.186,
            2376.166
        ],
        "z_avg": 1554.908,
        "phase_mid": [
            -14.489999999999952,
            -14.589999999999975,
            -14.620000000000005,
            -23.599999999999966,
            -23.620000000000005
        ],
        "phase_avg": -18.18399999999998,
        "r_avg": 1636.643214411342,
        "c_avg": 9.126387130975283e-10
    },
    "avima g1": {
        "z_mid": [
            981.236,
            978.356,
            959.866,
            973.3059999999999,
            962.6859999999999
        ],
        "z_avg": 971.0899999999999,
        "phase_mid": [
            -275.58,
            -275.28,
            -274.73999999999995,
            -275.45,
            -275.03
        ],
        "phase_avg": -275.216,
        "r_avg": 10681.80327644941,
        "c_avg": 4.663269124478174e-09
    },
    "avima g2": {
        "z_mid": [
            959.866,
            972.576,
            984.106,
            985.616,
            978.356
        ],
        "z_avg": 976.1039999999999,
        "phase_mid": [
            -274.73999999999995,
            -274.69,
            -275.88,
            -274.64,
            -275.28
        ],
        "phase_avg": -275.04599999999994,
        "r_avg": 11097.701435729756,
        "c_avg": 4.64055126500598e-09
    },
    "avima g3": {
        "z_mid": [
            980.526,
            971.096,
            999.606,
            1018.0559999999999,
            1008.386
        ],
        "z_avg": 995.534,
        "phase_mid": [
            -274.82,
            -275.90999999999997,
            -274.75,
            -275.84999999999997,
            -274.88
        ],
        "phase_avg": -275.242,
        "r_avg": 10896.518364406387,
        "c_avg": 4.5485799122646235e-09
    },
    "avima g4": {
        "z_mid": [
            933.256,
            940.896,
            925.736,
            915.616,
            954.3159999999999
        ],
        "z_avg": 933.9639999999999,
        "phase_mid": [
            -274.98999999999995,
            -275.10999999999996,
            -274.85999999999996,
            -274.45,
            -275.84999999999997
        ],
        "phase_avg": -275.05199999999996,
        "r_avg": 10606.017066383056,
        "c_avg": 4.849885802412292e-09
    },
    "avima t1": {
        "z_mid": [
            1005.976,
            80.436,
            938.086,
            946.486,
            925.736
        ],
        "z_avg": 779.3439999999999,
        "phase_mid": [
            -275.38,
            -29.049999999999955,
            -274.82,
            -275.71,
            -274.85999999999996
        ],
        "phase_avg": -225.964,
        "r_avg": 1121.1804850724986,
        "c_avg": 4.194626563418632e-09
    },
    "aldian g1": {
        "z_mid": [
            1109.966,
            1005.216,
            999.706,
            999.096,
            998.376
        ],
        "z_avg": 1022.4720000000001,
        "phase_mid": [
            -20.099999999999966,
            -14.829999999999984,
            -14.96999999999997,
            -14.739999999999952,
            -15.089999999999975
        ],
        "phase_avg": -15.94599999999997,