{
    "dwi g1": {
        "id": "id001 dwi",
        "weight": 60,
        "height": 165,
        "age": 21,
        "gender": 1,
        "impedance": 995.1480000000001,
        "ffm": 41.34294946279347,
        "ffm_percentage": 68.90491577132245,
        "fm": 18.65705053720653,
        "fm_percentage": 31.09508422867755,
        "tbw": 30.18035310783923,
        "tbw_percentage": 50.30058851306538
    },
    "dwi g2": {
        "id": "id001 dwi",
        "weight": 60,
        "height": 165,
        "age": 21,
        "gender": 1,
        "impedance": 1000.7099999999998,
        "ffm": 41.2830394819678,
        "ffm_percentage": 68.80506580327966,
        "fm": 18.716960518032202,
        "fm_percentage": 31.194934196720336,
        "tbw": 30.136618821836493,
        "tbw_percentage": 50.22769803639415
    },
    "dwi g3": {
        "id": "id001 dwi",
        "weight": 60,
        "height": 165,
        "age": 21,
        "gender": 1,
        "impedance": 1003.6899999999999,
        "ffm": 41.251214179676985,
        "ffm_percentage": 68.75202363279497,
        "fm": 18.748785820323015,
        "fm_percentage": 31.247976367205027,
        "tbw": 30.1133863511642,
        "tbw_percentage": 50.18897725194032
    },
    "dwi g4": {
        "id": "id001 dwi",
        "weight": 60,
        "height": 165,
        "age": 21,
        "gender": 1,
        "impedance": 1026.9479999999999,
        "ffm": 41.00917346545297,
        "ffm_percentage": 68.34862244242161,
        "fm": 18.990826534547033,
        "fm_percentage": 31.651377557578385,
        "tbw": 29.936696629780666,
        "tbw_percentage": 49.89449438296777
    },
    "dwi t1": {
        "id": "id001 dwi",
        "weight": 60,
        "height": 165,
        "age": 21,
        "gender": 1,
        "impedance": 1032.216,
        "ffm": 40.95586565602548,
        "ffm_percentage": 68.2597760933758,
        "fm": 19.04413434397452,
        "fm_percentage": 31.7402239066242,
        "tbw": 29.8977819288986,
        "tbw_percentage": 49.82963654816433
    },
    "angga g1": {
        "id": "id002 angga",
        "weight": 58,
        "height": 181,
        "age": 21,
        "gender": 1,
        "impedance": 1014.6200000000001,
        "ffm": 42.87784068912499,
        "ffm_percentage": 73.92731153297412,
        "fm": 15.122159310875013,
        "fm_percentage": 26.072688467025884,
        "tbw": 31.30082370306124,
        "tbw_percentage": 53.9669374190711
    },
    "angga g2": {
        "id": "id002 angga",
        "weight": 58,
        "height": 181,
        "age": 21,
        "gender": 1,
        "impedance": 1006.82,
        "ffm": 42.97639887964085,
        "ffm_percentage": 74.09723944765663,
        "fm": 15.023601120359153,
        "fm_percentage": 25.902760552343366,
        "tbw": 31.372771182137818,
        "tbw_percentage": 54.09098479678934
    },
    "angga g3": {
        "id": "id002 angga",
        "weight": 58,
        "height": 181,
        "age": 21,
        "gender": 1,
        "impedance": 1066.87,
        "ffm": 42.2547880435292,
        "ffm_percentage": 72.85308283367104,
        "fm": 15.745211956470797,
        "fm_percentage": 27.14691716632896,
        "tbw": 30.845995271776317,
        "tbw_percentage": 53.182750468579854
    },
    "angga g4": {
        "id": "id002 angga",
        "weight": 58,
        "height": 181,
        "age": 21,
        "gender": 1,
        "impedance": 1013.758,
        "ffm": 42.88865808999781,
        "ffm_percentage": 73.94596222413415,
        "fm": 15.111341910002189,
        "fm_percentage": 26.05403777586584,
        "tbw": 31.308720405698402,
        "tbw_percentage": 53.98055242361794
    },
    "angga t1": {
        "id": "id002 angga",
        "weight": 58,
        "height": 181,
        "age": 21,
        "gender": 1,
        "impedance": 1554.908,
        "ffm": 38.45734901872008,
        "ffm_percentage": 66.30577417020703,
        "fm": 19.54265098127992,
        "fm_percentage": 33.69422582979297,
        "tbw": 28.07386478366566,
        "tbw_percentage": 48.403215144251135
    },
    "avima g1": {
        "id": "id003 avima",
        "weight": 58,
        "height": 169,
        "age": 21,
        "gender": 1,
        "impedance": 971.0899999999999,
        "ffm": 41.74404436252046,
        "ffm_percentage": 71.9724902802077,
        "fm": 16.255955637479538,
        "fm_percentage": 28.027509719792302,
        "tbw": 30.47315238463994,
        "tbw_percentage": 52.539917904551615
    },
    "avima g2": {
        "id": "id003 avima",
        "weight": 58,
        "height": 169,
        "age": 21,
        "gender": 1,
        "impedance": 976.1039999999999,
        "ffm": 41.68451950202027,
        "ffm_percentage": 71.86986121037978,
        "fm": 16.315480497979728,
        "fm_percentage": 28.13013878962022,
        "tbw": 30.429699236474796,
        "tbw_percentage": 52.464998683577235
    },
    "avima g3": {
        "id": "id003 avima",
        "weight": 58,
        "height": 169,
        "age": 21,
        "gender": 1,
        "impedance": 995.534,
        "ffm": 41.459515500224,
        "ffm_percentage": 71.48192327624827,
        "fm": 16.540484499776,
        "fm_percentage": 28.518076723751722,
        "tbw": 30.26544631516352,
        "tbw_percentage": 52.18180399166123
    },
    "avima g4": {
        "id": "id003 avima",
        "weight": 58,
        "height": 169,
        "age": 21,
        "gender": 1,
        "impedance": 933.9639999999999,
        "ffm": 42.20468067719955,
        "ffm_percentage": 72.76669082275784,
        "fm": 15.795319322800452,
        "fm_percentage": 27.23330917724216,
        "tbw": 30.809416894355667,
        "tbw_percentage": 53.11968430061322
    },
    "avima t1": {
        "id": "id003 avima",
        "weight": 58,
        "height": 169,
        "age": 21,
        "gender": 1,
        "impedance": 779.3439999999999,
        "ffm": 44.595110328686694,
        "ffm_percentage": 76.88812125635637,
        "fm": 13.404889671313306,
        "fm_percentage": 23.111878743643633,
        "tbw": 32.554430539941286,
        "tbw_percentage": 56.12832851714015
    },
    "aldian g1": {
        "id": "id004 aldian",
        "weight": 62,
        "height": 167,
        "age": 21,
        "gender": 1,
        "impedance": 1022.4720000000001,
        "ffm": 41.71876470358112,
        "ffm_percentage": 67.28833016706632,
        "fm": 20.281235296418878,
        "fm_percentage": 32.71166983293367,
        "tbw": 30.45469823361422,
        "tbw_percentage": 49.12048102195842
    },
    "aldian g2": {
        "id": "id004 aldian",
        "weight": 62,
        "height": 167,
        "age": 21,
        "gender": 1,
        "impedance": 1029.3939999999998,
        "ffm": 41.64649975422433,
        "ffm_percentage": 67.17177379713601,
        "fm": 20.35350024577567,
        "fm_percentage": 32.82822620286399,
        "tbw": 30.40194482058376,
        "tbw_percentage": 49.0353948719093
    },
    "aldian g3": {
        "id": "id004 aldian",
        "weight": 62,
        "height": 167,
        "age": 21,
        "gender": 1,
        "impedance": 966.3880000000001,
        "ffm": 42.34244955028415,
        "ffm_percentage": 68.29427346820025,
        "fm": 19.65755044971585,
        "fm_percentage": 31.705726531799755,
        "tbw": 30.90998817170743,
        "tbw_percentage": 49.85481963178617
    },
    "aldian g4": {
        "id": "id004 aldian",
        "weight": 62,
        "height": 167,
        "age": 21,
        "gender": 1,
        "impedance": 957.8199999999999,
        "ffm": 42.44416178405128,
        "ffm_percentage": 68.45832545814723,
        "fm": 19.555838215948718,
        "fm_percentage": 31.54167454185277,
        "tbw": 30.984238102357434,
        "tbw_percentage": 49.974577584447474
    },
    "aldian t1": {
        "id": "id004 aldian",
        "weight": 62,
        "height": 167,
        "age": 21,
        "gender": 1,
        "impedance": 961.766,