{
    "dwi p1": {
        "z_mid": [
            1231.5089189112618,
            1225.9945630579718,
            1223.226238201172,
            1207.970710530442,
            1203.7446007792219
        ],
        "z_avg": 1218.4890062960142,
        "phase_mid": [
            -29.145998339012106,
            -28.683925193699505,
            -28.454442541948907,
            -28.330232155929707,
            -28.100127321113405
        ],
        "phase_avg": -28.542945110340725,
        "r_avg": 1387.0752101985065,
        "c_avg": 1.783168437710433e-09
    },
    "dwi p2": {
        "z_mid": [
            1227.009081559352,
            1219.2173414843319,
            1217.792373676012,
            1214.8230223256019,
            1207.0722840875019
        ],
        "z_avg": 1217.18282062656,
        "phase_mid": [
            -26.634106890559007,
            -26.619235926900405,
            -26.471088371819906,
            -26.320716708484806,
            -26.451909410383507
        ],
        "phase_avg": -26.499411461629528,
        "r_avg": 1360.073586701863,
        "c_avg": 1.6669200217701733e-09
    },
    "dwi p3": {
        "z_mid": [
            1206.976824592332,
            1197.871929001392,
            1187.414380375082,
            1181.3865346850519,
            1181.3865346850519
        ],
        "z_avg": 1191.0072406677818,
        "phase_mid": [
            -37.3664110198219,
            -36.68010008535601,
            -36.64289423555001,
            -36.651435931525604,
            -36.651435931525604
        ],
        "phase_avg": -36.79845544075583,
        "r_avg": 1487.3692550054484,
        "c_avg": 2.286998959506766e-09
    },
    "dwi p4": {
        "z_mid": [
            1072.541037999012,
            1065.263875226432,
            1068.1193563156419,
            1060.337528286462,
            1062.537321852042
        ],
        "z_avg": 1065.759823935918,
        "phase_mid": [
            -37.92347934131081,
            -37.6332671304862,
            -37.53864912619581,
            -37.375556712912505,
            -37.142872903984106
        ],
        "phase_avg": -37.52276504297789,
        "r_avg": 1343.7706504134442,
        "c_avg": 2.5987509283854214e-09
    },
    "dwi p5": {
        "z_mid": [
            933.3591871489609,
            928.2750756228919,
            923.197758512341,
            919.380853904293,
            920.064087140952
        ],
        "z_avg": 924.8553924658878,
        "phase_mid": [
            -36.29998967264141,
            -35.8941385616526,
            -35.773665014617904,
            -35.557715235910706,
            -35.342286947661705
        ],
        "phase_avg": -35.77355908649687,
        "r_avg": 1139.9198823757663,
        "c_avg": 2.8742508946565464e-09
    },
    "dwi p6": {
        "z_mid": [
            917.808780435518,
            910.437557547299,
            905.358924494086,
            901.065193749698,
            896.352397379593
        ],
        "z_avg": 906.2045707212386,
        "phase_mid": [
            -44.42370451625461,
            -44.25536557146051,
            -44.024625195447605,
            -43.984450244467304,
            -43.707122584510905
        ],
        "phase_avg": -44.079053622428184,
        "r_avg": 1261.4545690653724,
        "c_avg": 3.4907340534121577e-09
    },
    "angga p1": {
        "z_mid": [
            1396.720448116022,
            1397.8335217925219,
            1383.962813555552,
            1389.632630409392,
            1377.792331671772
        ],
        "z_avg": 1389.188349109052,
        "phase_mid": [
            -21.790419334885808,
            -21.036992193933305,
            -21.234649659194105,
            -20.973048731034506,
            -21.083644432076305
        ],
        "phase_avg": -21.22375087022481,
        "r_avg": 1490.267506365758,
        "c_avg": 1.1849846955388851e-09
    },
    "angga p2": {
        "z_mid": [
            1406.066546435762,
            1410.085027686632,
            1407.925346448312,
            1395.686725790072,
            1401.654685677132
        ],
        "z_avg": 1404.283666407582,
        "phase_mid": [
            -23.368137233667508,
            -23.113108990874505,
            -22.946893915725006,
            -23.041846532470707,
            -22.785593763341705
        ],
        "phase_avg": -23.051116087215885,
        "r_avg": 1526.136677861409,
        "c_avg": 1.2679055608575686e-09
    },
    "angga p3": {
        "z_mid": [
            1195.845783300202,
            1194.6685196904818,
            1190.3289140401318,
            1189.2290026639218,
            1182.001961272942
        ],
        "z_avg": 1190.414836193536,
        "phase_mid": [
            -28.361196295132608,
            -28.142836415374305,
            -28.057662204680607,
            -27.769790335165606,
            -27.677997407623607
        ],
        "phase_avg": -28.001896531595342,
        "r_avg": 1348.2519212944626,
        "c_avg": 1.7934533417638872e-09
    },
    "angga p4": {
        "z_mid": [
            1064.783625171792,
            1048.869653015842,
            1045.659355074592,
            1044.710537536112,
            1036.8960934453419
        ],
        "z_avg": 1048.183852848736,
        "phase_mid": [
            -33.5442349894624,
            -33.341551598441306,
            -33.25048047942631,
            -33.179188565068905,
            -33.11226371227791
        ],
        "phase_avg": -33.28554386893536,
        "r_avg": 1253.8896436099628,
        "c_avg": 2.3808835695908725e-09
    },
    "angga p5": {
        "z_mid": [
            1072.0007148329419,
            1053.029935211162,
            1041.651660895832,
            1041.868429166652,
            1033.6326255254219
        ],
        "z_avg": 1048.436673126402,
        "phase_mid": [
            -49.2536197499869,
            -48.438349164433404,
            -48.29749937164241,
            -47.9629284917315,
            -47.76480091126301
        ],
        "phase_avg": -48.34343953781145,
        "r_avg": 1577.393285928451,
        "c_avg": 3.2405089153837244e-09
    },
    "angga p6": {
        "z_mid": [
            828.523259043419,
            818.345368371614,
            817.531841204393,
            815.3620364024839,
            803.0827502303199
        ],
        "z_avg": 816.5690510504459,
        "phase_mid": [
            -44.227454146848906,
            -43.86907025758261,
            -43.590089160336504,
            -43.43385818383061,
            -43.13513564272801
        ],
        "phase_avg": -43.651121478265324,
        "r_avg": 1128.5494807854354,
        "c_avg": 3.843928298826209e-09
    },
    "avima p1": {
        "z_mid": [
            1229.925376977112,
            1214.071439830632,
            1214.071439830632,
            1204.6156933022519,
            1211.225573215372
        ],
        "z_avg": 1214.7819046312,
        "phase_mid": [
            -28.183004253958607,
            -28.350642443354406,
            -28.350642443354406,
            -28.535188736022207,
            -28.196239506504206
        ],
        "phase_avg": -28.32314347663877,
        "r_avg": 1379.9858269667152,
        "c_avg": 1.7759820358882803e-09
    },
    "avima p2": {
        "z_mid": [
            1308.361481687332,
            1282.260390663782,
            1277.165934009302,
            1270.263102961592,
            1253.748215072492
        ],
        "z_avg": 1278.3598248788999,
        "phase_mid": [
            -31.648203683338206,
            -30.191723208057706,
            -30.168222528315006,
            -30.212567381892708,
            -30.135395799063005
        ],
        "phase_avg": -30.471222520133324,
        "r_avg": 1483.2156891793438,
        "c_avg": 1.8038371420407372e-09
    },