{
    "delta_z": [
        -1.5830444837279856,
        2.210370370269993,
        0.979726825168018,
        0.2875515220599709,
        -0.952099721565969,
        -1.5638688918640127,
        -0.5967758157740264,
        2.0609681025920055,
        -1.3875688939099973,
        0.3775025359980191,
        -0.6111624576000168,
        0.07412212215401723,
        -0.6664867275920188,
        0.03026849766199575,
        -4.771158820210781,
        -2.47735405000999,
        1.1002241006840223,
        -3.7731160409304265,
        -1.890274838061987,
        0.18303620527001385,
        -1.6677968602259852,
        0.38957535236199875,
        -2.362960055936014,
        -0.3939008088699893,
        -0.28480025111800844,
        -0.3402097760839752,
        -0.5837851682020073,
        -0.27038450015002125,
        -0.6457180200640323,
        -2.840201120276015,
        -2.356616652487992
    ],
    "delta_phase": [
        0.06504115325275281,
        -0.0546319460244718,
        -0.022293472851026695,
        -0.0577623895949273,
        -0.0287128425441665,
        -0.07826420709384363,
        0.026937049091281983,
        0.14061052707683075,
        0.1515360565393964,
        0.04638465333166552,
        -0.0776769657126124,
        -0.07595780654239667,
        -0.0025890315834317377,
        0.026939088237315896,
        0.05209916246584508,
        -0.037615436453415876,
        -0.103961247247605,
        0.056180318939766404,
        0.08079166719293204,
        0.03250569677835528,
        -0.07819143294400424,
        -0.0153979033249243,
        -0.0062580536083146395,
        0.014800257436536374,
        0.14483625885559379,
        0.10128678180478796,
        0.00747068608710606,
        0.0906723179335586,
        0.03339875203708972,
        -0.16950056064491698,
        -0.1240950246172134
    ]
}