{
    "dwi g1": {
        "id": "id001 dwi",
        "weight": 60,
        "height": 165,
        "age": 21,
        "gender": 1,
        "impedance": 754.2806216856222,
        "ffm": 44.78503351406365,
        "ffm_percentage": 74.64172252343941,
        "fm": 15.214966485936351,
        "fm_percentage": 25.358277476560588,
        "tbw": 32.69307446526646,
        "tbw_percentage": 54.48845744211077
    },
    "dwi g2": {
        "id": "id001 dwi",
        "weight": 60,
        "height": 165,
        "age": 21,
        "gender": 1,
        "impedance": 823.3635532972032,
        "ffm": 43.59184165882077,
        "ffm_percentage": 72.65306943136794,
        "fm": 16.40815834117923,
        "fm_percentage": 27.34693056863205,
        "tbw": 31.82204441093916,
        "tbw_percentage": 53.0367406848986
    },
    "dwi g3": {
        "id": "id001 dwi",
        "weight": 60,
        "height": 165,
        "age": 21,
        "gender": 1,
        "impedance": 787.4627312836215,
        "ffm": 44.18578751306081,
        "ffm_percentage": 73.6429791884347,
        "fm": 15.81421248693919,
        "fm_percentage": 26.357020811565317,
        "tbw": 32.25562488453439,
        "tbw_percentage": 53.759374807557315
    },
    "dwi g4": {
        "id": "id001 dwi",
        "weight": 60,
        "height": 165,
        "age": 21,
        "gender": 1,
        "impedance": 743.1865697018231,
        "ffm": 44.997320564853155,
        "ffm_percentage": 74.99553427475526,
        "fm": 15.002679435146845,
        "fm_percentage": 25.00446572524474,
        "tbw": 32.848044012342804,
        "tbw_percentage": 54.74674002057134
    },
    "dwi t1": {
        "id": "id001 dwi",
        "weight": 60,
        "height": 165,
        "age": 21,
        "gender": 1,
        "impedance": 1811.0538735076382,
        "ffm": 36.48687736820588,
        "ffm_percentage": 60.81146228034313,
        "fm": 23.51312263179412,
        "fm_percentage": 39.188537719656864,
        "tbw": 26.635420478790294,
        "tbw_percentage": 44.39236746465049
    },
    "angga g1": {
        "id": "id002 angga",
        "weight": 58,
        "height": 181,
        "age": 21,
        "gender": 1,
        "impedance": 893.9958254158806,
        "ffm": 44.59436048562684,
        "ffm_percentage": 76.88682842349455,
        "fm": 13.405639514373163,
        "fm_percentage": 23.113171576505454,
        "tbw": 32.55388315450759,
        "tbw_percentage": 56.12738474915101
    },
    "angga g2": {
        "id": "id002 angga",
        "weight": 58,
        "height": 181,
        "age": 21,
        "gender": 1,
        "impedance": 946.893574140842,
        "ffm": 43.787768503352495,
        "ffm_percentage": 75.49615259198707,
        "fm": 14.212231496647505,
        "fm_percentage": 24.503847408012938,
        "tbw": 31.96507100744732,
        "tbw_percentage": 55.11219139215056
    },
    "angga g3": {
        "id": "id002 angga",
        "weight": 58,
        "height": 181,
        "age": 21,
        "gender": 1,
        "impedance": 927.6253652701374,
        "ffm": 44.07092135000109,
        "ffm_percentage": 75.9843471551743,
        "fm": 13.929078649998907,
        "fm_percentage": 24.015652844825702,
        "tbw": 32.1717725855008,
        "tbw_percentage": 55.468573423277235
    },
    "angga g4": {
        "id": "id002 angga",
        "weight": 58,
        "height": 181,
        "age": 21,
        "gender": 1,
        "impedance": 895.9901810227502,
        "ffm": 44.562222605325914,
        "ffm_percentage": 76.83141828504468,
        "fm": 13.437777394674086,
        "fm_percentage": 23.168581714955323,
        "tbw": 32.53042250188792,
        "tbw_percentage": 56.08693534808262
    },
    "angga t1": {
        "id": "id002 angga",
        "weight": 58,
        "height": 181,
        "age": 21,
        "gender": 1,
        "impedance": 1906.8030199618763,
        "ffm": 36.92535890329043,
        "ffm_percentage": 63.664411902224884,
        "fm": 21.07464109670957,
        "fm_percentage": 36.335588097775116,
        "tbw": 26.955511999402013,
        "tbw_percentage": 46.475020688624156
    },
    "avima g1": {
        "id": "id003 avima",
        "weight": 58,
        "height": 169,
        "age": 21,
        "gender": 1,
        "impedance": 733.7590740213408,
        "ffm": 45.492142881788354,
        "ffm_percentage": 78.43472910653165,
        "fm": 12.507857118211646,
        "fm_percentage": 21.565270893468355,
        "tbw": 33.209264303705496,
        "tbw_percentage": 57.257352247768104
    },
    "avima g2": {
        "id": "id003 avima",
        "weight": 58,
        "height": 169,
        "age": 21,
        "gender": 1,
        "impedance": 840.1330724776592,
        "ffm": 43.55034712028819,
        "ffm_percentage": 75.08680537980722,
        "fm": 14.449652879711813,
        "fm_percentage": 24.91319462019278,
        "tbw": 31.791753397810375,
        "tbw_percentage": 54.81336792725927
    },
    "avima g3": {
        "id": "id003 avima",
        "weight": 58,
        "height": 169,
        "age": 21,
        "gender": 1,
        "impedance": 798.5956087372924,
        "ffm": 44.24702914777211,
        "ffm_percentage": 76.28798128926226,
        "fm": 13.75297085222789,
        "fm_percentage": 23.71201871073774,
        "tbw": 32.30033127787364,
        "tbw_percentage": 55.69022634116144
    },
    "avima g4": {
        "id": "id003 avima",
        "weight": 58,
        "height": 169,
        "age": 21,
        "gender": 1,
        "impedance": 726.3820854376,
        "ffm": 45.64789362678286,
        "ffm_percentage": 78.70326487376356,
        "fm": 12.35210637321714,
        "fm_percentage": 21.29673512623645,
        "tbw": 33.32296234755149,
        "tbw_percentage": 57.4533833578474
    },
    "avima t1": {
        "id": "id003 avima",
        "weight": 58,
        "height": 169,
        "age": 21,
        "gender": 1,
        "impedance": 2300.8048779096866,
        "ffm": 35.04691191871235,
        "ffm_percentage": 60.42571020467646,
        "fm": 22.953088081287653,
        "fm_percentage": 39.574289795323544,
        "tbw": 25.584245700660013,
        "tbw_percentage": 44.11076844941382
    },
    "aldian g1": {
        "id": "id004 aldian",
        "weight": 62,
        "height": 167,
        "age": 21,
        "gender": 1,
        "impedance": 720.5526089262988,
        "ffm": 46.221776163289036,
        "ffm_percentage": 74.55125187627264,
        "fm": 15.778223836710964,
        "fm_percentage": 25.44874812372736,
        "tbw": 33.741896599201,
        "tbw_percentage": 54.42241386967903
    },
    "aldian g2": {
        "id": "id004 aldian",
        "weight": 62,
        "height": 167,
        "age": 21,
        "gender": 1,
        "impedance": 772.7109711571896,
        "ffm": 45.19240893704963,
        "ffm_percentage": 72.89098215653166,
        "fm": 16.807591062950372,
        "fm_percentage": 27.10901784346834,
        "tbw": 32.990458524046225,
        "tbw_percentage": 53.21041697426811
    },
    "aldian g3": {
        "id": "id004 aldian",
        "weight": 62,
        "height": 167,
        "age": 21,
        "gender": 1,
        "impedance": 698.0433567377767,
        "ffm": 46.713523637374564,
        "ffm_percentage": 75.34439296350736,
        "fm": 15.286476362625436,
        "fm_percentage": 24.65560703649264,
        "tbw": 34.100872255283434,
        "tbw_percentage": 55.00140686336038
    },
    "aldian g4": {
        "id": "id004 aldian",
        "weight": 62,
        "height": 167,
        "age": 21,
        "gender": 1,
        "impedance": 700.0893800888118,
        "ffm": 46.667518761627335,
        "ffm_percentage": 75.27019155101183,
        "fm": 15.332481238372665,
        "fm_percentage": 24.72980844898817,
        "tbw": 34.067288695987955,
        "tbw_percentage": 54.94723983223864
    },
    "aldian t1": {
        "id": "id004 aldian",
        "weight": 62,
        "height": 167,
        "age": 21,