{
    "dwi p1": {
        "z_mid": [
            1232.5089189112618,
            1226.9945630579718,
            1224.226238201172,
            1208.970710530442,
            1204.7446007792219
        ],
        "z_avg": 1219.4890062960142,
        "phase_mid": [
            -29.145998339012106,
            -28.683925193699505,
            -28.454442541948907,
            -28.330232155929707,
            -28.100127321113405
        ],
        "phase_avg": -28.542945110340725,
        "r_avg": 1388.21356696909,
        "c_avg": 1.7817062117875225e-09
    },
    "dwi p2": {
        "z_mid": [
            1228.009081559352,
            1220.2173414843319,
            1218.792373676012,
            1215.8230223256019,
            1208.0722840875019
        ],
        "z_avg": 1218.18282062656,
        "phase_mid": [
            -26.634106890559007,
            -26.619235926900405,
            -26.471088371819906,
            -26.320716708484806,
            -26.451909410383507
        ],
        "phase_avg": -26.499411461629528,
        "r_avg": 1361.190981364073,
        "c_avg": 1.665551655714155e-09
    },
    "dwi p3": {
        "z_mid": [
            1207.976824592332,
            1198.871929001392,
            1188.414380375082,
            1182.3865346850519,
            1182.3865346850519
        ],
        "z_avg": 1192.0072406677818,
        "phase_mid": [
            -37.3664110198219,
            -36.68010008535601,
            -36.64289423555001,
            -36.651435931525604,
            -36.651435931525604
        ],
        "phase_avg": -36.79845544075583,
        "r_avg": 1488.6180880974885,
        "c_avg": 2.285080347872976e-09
    },
    "dwi p4": {
        "z_mid": [
            1073.541037999012,
            1066.263875226432,
            1069.1193563156419,
            1061.337528286462,
            1063.537321852042
        ],
        "z_avg": 1066.759823935918,
        "phase_mid": [
            -37.92347934131081,
            -37.6332671304862,
            -37.53864912619581,
            -37.375556712912505,
            -37.142872903984106
        ],
        "phase_avg": -37.52276504297789,
        "r_avg": 1345.031507334707,
        "c_avg": 2.5963148121481254e-09
    },
    "dwi p5": {
        "z_mid": [
            934.3591871489609,
            929.2750756228919,
            924.197758512341,
            920.380853904293,
            921.064087140952
        ],
        "z_avg": 925.8553924658878,
        "phase_mid": [
            -36.29998967264141,
            -35.8941385616526,
            -35.773665014617904,
            -35.557715235910706,
            -35.342286947661705
        ],
        "phase_avg": -35.77355908649687,
        "r_avg": 1141.152420880339,
        "c_avg": 2.871146467207027e-09
    },
    "dwi p6": {
        "z_mid": [
            918.808780435518,
            911.437557547299,
            906.358924494086,
            902.065193749698,
            897.352397379593
        ],
        "z_avg": 907.2045707212386,
        "phase_mid": [
            -44.42370451625461,
            -44.25536557146051,
            -44.024625195447605,
            -43.984450244467304,
            -43.707122584510905
        ],
        "phase_avg": -44.079053622428184,
        "r_avg": 1262.8465887150433,
        "c_avg": 3.4868862618929454e-09
    },
    "angga p1": {
        "z_mid": [
            1397.720448116022,
            1398.8335217925219,
            1384.962813555552,
            1390.632630409392,
            1378.792331671772
        ],
        "z_avg": 1390.188349109052,
        "phase_mid": [
            -21.790419334885808,
            -21.036992193933305,
            -21.234649659194105,
            -20.973048731034506,
            -21.083644432076305
        ],
        "phase_avg": -21.22375087022481,
        "r_avg": 1491.340267670819,
        "c_avg": 1.1841323040652418e-09
    },
    "angga p2": {
        "z_mid": [
            1407.066546435762,
            1411.085027686632,
            1408.925346448312,
            1396.686725790072,
            1402.654685677132
        ],
        "z_avg": 1405.283666407582,
        "phase_mid": [
            -23.368137233667508,
            -23.113108990874505,
            -22.946893915725006,
            -23.041846532470707,
            -22.785593763341705
        ],
        "phase_avg": -23.051116087215885,
        "r_avg": 1527.2234502239799,
        "c_avg": 1.2670033191314562e-09
    },
    "angga p3": {
        "z_mid": [
            1196.845783300202,
            1195.6685196904818,
            1191.3289140401318,
            1190.2290026639218,
            1183.001961272942
        ],
        "z_avg": 1191.414836193536,
        "phase_mid": [
            -28.361196295132608,
            -28.142836415374305,
            -28.057662204680607,
            -27.769790335165606,
            -27.677997407623607
        ],
        "phase_avg": -28.001896531595342,
        "r_avg": 1349.3845112793165,
        "c_avg": 1.7919480278402384e-09
    },
    "angga p4": {
        "z_mid": [
            1065.783625171792,
            1049.869653015842,
            1046.659355074592,
            1045.710537536112,
            1037.8960934453419
        ],
        "z_avg": 1049.183852848736,
        "phase_mid": [
            -33.5442349894624,
            -33.341551598441306,
            -33.25048047942631,
            -33.179188565068905,
            -33.11226371227791
        ],
        "phase_avg": -33.28554386893536,
        "r_avg": 1255.08589333295,
        "c_avg": 2.3786142975627843e-09
    },
    "angga p5": {
        "z_mid": [
            1073.0007148329419,
            1054.029935211162,
            1042.651660895832,
            1042.868429166652,
            1034.6326255254219
        ],
        "z_avg": 1049.436673126402,
        "phase_mid": [
            -49.2536197499869,
            -48.438349164433404,
            -48.29749937164241,
            -47.9629284917315,
            -47.76480091126301
        ],
        "phase_avg": -48.34343953781145,
        "r_avg": 1578.897805301304,
        "c_avg": 3.23742105977665e-09
    },
    "angga p6": {
        "z_mid": [
            829.523259043419,
            819.345368371614,
            818.531841204393,
            816.3620364024839,
            804.0827502303199
        ],
        "z_avg": 817.5690510504459,
        "phase_mid": [
            -44.227454146848906,
            -43.86907025758261,
            -43.590089160336504,
            -43.43385818383061,
            -43.13513564272801
        ],
        "phase_avg": -43.651121478265324,
        "r_avg": 1129.9315433058478,
        "c_avg": 3.839226642991894e-09
    },
    "avima p1": {
        "z_mid": [
            1230.925376977112,
            1215.071439830632,
            1215.071439830632,
            1205.6156933022519,
            1212.225573215372
        ],
        "z_avg": 1215.7819046312,
        "phase_mid": [
            -28.183004253958607,
            -28.350642443354406,
            -28.350642443354406,
            -28.535188736022207,
            -28.196239506504206
        ],
        "phase_avg": -28.32314347663877,
        "r_avg": 1381.121821684537,
        "c_avg": 1.7745212623489444e-09
    },
    "avima p2": {
        "z_mid": [
            1309.361481687332,
            1283.260390663782,
            1278.165934009302,
            1271.263102961592,
            1254.748215072492
        ],
        "z_avg": 1279.3598248788999,
        "phase_mid": [
            -31.648203683338206,
            -30.191723208057706,
            -30.168222528315006,
            -30.212567381892708,
            -30.135395799063005
        ],
        "phase_avg": -30.471222520133324,
        "r_avg": 1484.3759381642647,
        "c_avg": 1.8024271891041488e-09
    },