{
    "dwi p1": {
        "id": "id001 dwi",
        "weight": 60,
        "height": 165,
        "age": 21,
        "gender": 1,
        "impedance": 1218.4890062960142,
        "ffm": 39.36723904817744,
        "ffm_percentage": 65.61206508029574,
        "fm": 20.63276095182256,
        "fm_percentage": 34.38793491970427,
        "tbw": 28.738084505169528,
        "tbw_percentage": 47.89680750861588
    },
    "dwi p2": {
        "id": "id001 dwi",
        "weight": 60,
        "height": 165,
        "age": 21,
        "gender": 1,
        "impedance": 1217.18282062656,
        "ffm": 39.37668599771916,
        "ffm_percentage": 65.6278099961986,
        "fm": 20.623314002280843,
        "fm_percentage": 34.37219000380141,
        "tbw": 28.744980778334984,
        "tbw_percentage": 47.90830129722497
    },
    "dwi p3": {
        "id": "id001 dwi",
        "weight": 60,
        "height": 165,
        "age": 21,
        "gender": 1,
        "impedance": 1191.0072406677818,
        "ffm": 39.57036841971314,
        "ffm_percentage": 65.95061403285524,
        "fm": 20.42963158028686,
        "fm_percentage": 34.049385967144765,
        "tbw": 28.886368946390593,
        "tbw_percentage": 48.143948243984326
    },
    "dwi p4": {
        "id": "id001 dwi",
        "weight": 60,
        "height": 165,
        "age": 21,
        "gender": 1,
        "impedance": 1065.759823935918,
        "ffm": 40.628791108737616,
        "ffm_percentage": 67.71465184789602,
        "fm": 19.371208891262384,
        "fm_percentage": 32.28534815210397,
        "tbw": 29.659017509378458,
        "tbw_percentage": 49.4316958489641
    },
    "dwi p5": {
        "id": "id001 dwi",
        "weight": 60,
        "height": 165,
        "age": 21,
        "gender": 1,
        "impedance": 924.8553924658878,
        "ffm": 42.162191552303284,
        "ffm_percentage": 70.2703192538388,
        "fm": 17.837808447696716,
        "fm_percentage": 29.72968074616119,
        "tbw": 30.778399833181396,
        "tbw_percentage": 51.29733305530233
    },
    "dwi p6": {
        "id": "id001 dwi",
        "weight": 60,
        "height": 165,
        "age": 21,
        "gender": 1,
        "impedance": 906.2045707212386,
        "ffm": 42.40089681841129,
        "ffm_percentage": 70.66816136401883,
        "fm": 17.59910318158871,
        "fm_percentage": 29.331838635981182,
        "tbw": 30.95265467744024,
        "tbw_percentage": 51.58775779573374
    },
    "angga p1": {
        "id": "id002 angga",
        "weight": 58,
        "height": 181,
        "age": 21,
        "gender": 1,
        "impedance": 1389.188349109052,
        "ffm": 39.44763709750256,
        "ffm_percentage": 68.01316740948717,
        "fm": 18.552362902497443,
        "fm_percentage": 31.986832590512833,
        "tbw": 28.796775081176865,
        "tbw_percentage": 49.64961220892563
    },
    "angga p2": {
        "id": "id002 angga",
        "weight": 58,
        "height": 181,
        "age": 21,
        "gender": 1,
        "impedance": 1404.283666407582,
        "ffm": 39.347756842846884,
        "ffm_percentage": 67.84096007387393,
        "fm": 18.652243157153116,
        "fm_percentage": 32.15903992612606,
        "tbw": 28.723862495278226,
        "tbw_percentage": 49.52390085392798
    },
    "angga p3": {
        "id": "id002 angga",
        "weight": 58,
        "height": 181,
        "age": 21,
        "gender": 1,
        "impedance": 1190.414836193536,
        "ffm": 40.99913938935272,
        "ffm_percentage": 70.68817136095296,
        "fm": 17.00086061064728,
        "fm_percentage": 29.311828639047032,
        "tbw": 29.929371754227486,
        "tbw_percentage": 51.60236509349566
    },
    "angga p4": {
        "id": "id002 angga",
        "weight": 58,
        "height": 181,
        "age": 21,
        "gender": 1,
        "impedance": 1048.183852848736,
        "ffm": 42.470475141855424,
        "ffm_percentage": 73.22495714113005,
        "fm": 15.529524858144576,
        "fm_percentage": 26.77504285886996,
        "tbw": 31.003446853554458,
        "tbw_percentage": 53.45421871302493
    },
    "angga p5": {
        "id": "id002 angga",
        "weight": 58,
        "height": 181,
        "age": 21,
        "gender": 1,
        "impedance": 1048.436673126402,
        "ffm": 42.467505626285735,
        "ffm_percentage": 73.21983728669954,
        "fm": 15.532494373714265,
        "fm_percentage": 26.780162713300452,
        "tbw": 31.001279107188587,
        "tbw_percentage": 53.450481219290666
    },
    "angga p6": {
        "id": "id002 angga",
        "weight": 58,
        "height": 181,
        "age": 21,
        "gender": 1,
        "impedance": 816.5690510504459,
        "ffm": 45.96340046833171,
        "ffm_percentage": 79.2472421867788,
        "fm": 12.036599531668287,
        "fm_percentage": 20.752757813221184,
        "tbw": 33.55328234188215,
        "tbw_percentage": 57.85048679634854
    },
    "avima p1": {
        "id": "id003 avima",
        "weight": 58,
        "height": 169,
        "age": 21,
        "gender": 1,
        "impedance": 1214.7819046312,
        "ffm": 39.41941918421673,
        "ffm_percentage": 67.96451583485643,
        "fm": 18.58058081578327,
        "fm_percentage": 32.03548416514357,
        "tbw": 28.776176004478213,
        "tbw_percentage": 49.614096559445194
    },
    "avima p2": {
        "id": "id003 avima",
        "weight": 58,
        "height": 169,
        "age": 21,
        "gender": 1,
        "impedance": 1278.3598248788999,
        "ffm": 38.95871249220931,
        "ffm_percentage": 67.17019395208501,
        "fm": 19.041287507790692,
        "fm_percentage": 32.829806047914985,
        "tbw": 28.439860119312794,
        "tbw_percentage": 49.03424158502206
    },
    "avima p3": {
        "id": "id003 avima",
        "weight": 58,
        "height": 169,
        "age": 21,
        "gender": 1,
        "impedance": 1130.926954445946,
        "ffm": 40.10627482169526,
        "ffm_percentage": 69.14874969257802,
        "fm": 17.89372517830474,
        "fm_percentage": 30.851250307421967,
        "tbw": 29.277580619837536,
        "tbw_percentage": 50.47858727558195
    },
    "avima p4": {
        "id": "id003 avima",
        "weight": 58,
        "height": 169,
        "age": 21,
        "gender": 1,
        "impedance": 1230.511724095588,
        "ffm": 39.30100348078427,
        "ffm_percentage": 67.76035082893839,
        "fm": 18.698996519215733,
        "fm_percentage": 32.23964917106161,
        "tbw": 28.689732540972514,
        "tbw_percentage": 49.46505610512503
    },
    "avima p5": {
        "id": "id003 avima",
        "weight": 58,
        "height": 169,
        "age": 21,
        "gender": 1,
        "impedance": 758.5379086855481,
        "ffm": 44.99116363671278,
        "ffm_percentage": 77.57097178743582,
        "fm": 13.008836363287223,
        "fm_percentage": 22.429028212564177,
        "tbw": 32.843549454800325,
        "tbw_percentage": 56.62680940482815
    },
    "avima p6": {
        "id": "id003 avima",
        "weight": 58,
        "height": 169,
        "age": 21,
        "gender": 1,
        "impedance": 719.0510142783203,
        "ffm": 45.80584093832921,
        "ffm_percentage": 78.97558782470554,
        "fm": 12.194159061670788,
        "fm_percentage": 21.02441217529446,
        "tbw": 33.43826388498032,
        "tbw_percentage": 57.65217911203504
    },
    "aldian p1": {
        "id": "id004 aldian",
        "weight": 62,
        "height": 167,
        "age": 21,
        "gender": 1,
        "impedance": 1190.970747450564,
        "ffm": 40.19831057355681,
        "ffm_percentage": 64.83598479605938,
        "fm": 21.80168942644319,
        "fm_percentage": 35.16401520394063,
        "tbw": 29.34476671869647,
        "tbw_percentage": 47.33026890112334
    },
    "aldian p2": {
        "id": "id004 aldian",
        "weight": 62,
        "height": 167,
        "age": 21,
        "gender": 1,