{
    "delta_z": [
        0.2840000000000146,
        -1.6519999999999981,
        -1.12800000000002,
        -0.22199999999998,
        -0.0819999999999709,
        -0.1460000000000264,
        -0.5920000000000073,
        0.25199999999999817,
        1.1159999999999854,
        0.7120000000000118,
        -0.21999999999998182,
        -0.4559999999999945,
        0.7759999999999991,
        -0.9599999999999909,
        0.24399999999998273,
        -0.13600000000001272,
        -0.5240000000000009,
        2.2879999999999883,
        2.3879999999999884,
        -0.46800000000000636,
        0.6799999999999955,
        -0.36599999999998545,
        -0.4460000000000036,
        1.6419999999999846,
        1.18599999999999,
        -0.15599999999999453,
        -0.057999999999992724,
        0.16399999999998727,
        0.30199999999999816,
        1.0060000000000173,
        -0.7
    ],
    "delta_phase": [
        289.682,
        290.806,
        291.754,
        292.78200000000004,
        293.808,
        294.828,
        295.81399999999996,
        296.776,
        297.968,
        298.93600000000004,
        299.90400000000005,
        300.902,
        301.988,
        302.962,
        303.908,
        304.9,
        306.068,
        307.034,
        308.018,
        309.0,
        310.09000000000003,
        310.994,
        311.91200000000003,
        312.99399999999997,
        314.106,
        315.03599999999994,
        316.082,
        316.988,
        318.11,
        319.03200000000004,
        320.004
    ]
}