{
    "1003ohm": {
        "id": "1003ohm",
        "weight": 58.0,
        "height": 169.0,
        "age": 21.0,
        "gender": 1.0,
        "impedance": 998.7410334644653,
        "ffm": 41.42321905173467,
        "ffm_percentage": 71.41934319264598,
        "fm": 16.57678094826533,
        "fm_percentage": 28.580656807354014,
        "tbw": 30.238949907766308,
        "tbw_percentage": 52.13612053063157
    },
    "g1": {
        "id": "g1",
        "weight": 58.0,
        "height": 169.0,
        "age": 21.0,
        "gender": 1.0,
        "impedance": 771.8159760592188,
        "ffm": 44.735944376710584,
        "ffm_percentage": 77.13093858053549,
        "fm": 13.264055623289416,
        "fm_percentage": 22.869061419464508,
        "tbw": 32.657239394998726,
        "tbw_percentage": 56.30558516379091
    },
    "g2": {
        "id": "g2",
        "weight": 58.0,
        "height": 169.0,
        "age": 21.0,
        "gender": 1.0,
        "impedance": 837.8100810517868,
        "ffm": 43.587485553232945,
        "ffm_percentage": 75.15083716074645,
        "fm": 14.412514446767055,
        "fm_percentage": 24.849162839253545,
        "tbw": 31.818864453860048,
        "tbw_percentage": 54.860111127344915
    },
    "g3": {
        "id": "g3",
        "weight": 58.0,
        "height": 169.0,
        "age": 21.0,
        "gender": 1.0,
        "impedance": 784.6624111203371,
        "ffm": 44.49724260385173,
        "ffm_percentage": 76.71938379974436,
        "fm": 13.502757396148269,
        "fm_percentage": 23.280616200255636,
        "tbw": 32.48298710081176,
        "tbw_percentage": 56.00515017381338
    },
    "g4": {
        "id": "g4",
        "weight": 58.0,
        "height": 169.0,
        "age": 21.0,
        "gender": 1.0,
        "impedance": 729.477128655866,
        "ffm": 45.582164245525874,
        "ffm_percentage": 78.58993835435496,
        "fm": 12.417835754474126,
        "fm_percentage": 21.410061645645044,
        "tbw": 33.274979899233884,
        "tbw_percentage": 57.37065499867911
    },
    "t1": {
        "id": "t1",
        "weight": 58.0,
        "height": 169.0,
        "age": 21.0,
        "gender": 1.0,
        "impedance": 1813.128037601188,
        "ffm": 36.36241993650268,
        "ffm_percentage": 62.69382747672876,
        "fm": 21.637580063497317,
        "fm_percentage": 37.306172523271236,
        "tbw": 26.54456655364696,
        "tbw_percentage": 45.766494058012
    }
}