{
    "dwi g1": {
        "z_mid": [
            755.3744366103621,
            763.06272487802,
            762.36621223983,
            742.681189048135,
            747.918545651764
        ],
        "z_avg": 754.2806216856222,
        "phase_mid": [
            -13.979986258649484,
            -14.939157489289483,
            -14.901605252040783,
            -13.885553614136684,
            -14.628972841743083
        ],
        "phase_avg": -14.467055091171904,
        "r_avg": 778.9809805289709,
        "c_avg": 1.5060938807307175e-09
    },
    "dwi g2": {
        "z_mid": [
            803.5676784505371,
            840.8739167737821,
            831.9177177296831,
            828.975770471118,
            811.482683060895
        ],
        "z_avg": 823.3635532972032,
        "phase_mid": [
            -15.116289684943984,
            -17.378723325193487,
            -16.901434293682485,
            -16.877934658238587,
            -15.909122146556383
        ],
        "phase_avg": -16.436700821722987,
        "r_avg": 858.4457198791655,
        "c_avg": 1.5627128505968161e-09
    },
    "dwi g3": {
        "z_mid": [
            800.368936653635,
            801.86114903577,
            792.132942614847,
            775.332828018845,
            767.61780009501
        ],
        "z_avg": 787.4627312836215,
        "phase_mid": [
            -15.201963163400483,
            -15.573375957956383,
            -14.816761146703083,
            -14.032432886708383,
            -13.716130606066084
        ],
        "phase_avg": -14.668132752166883,
        "r_avg": 813.9917476573218,
        "c_avg": 1.4622443419909094e-09
    },
    "dwi g4": {
        "z_mid": [
            749.31073100736,
            743.545301900824,
            742.318606252569,
            745.445121599103,
            735.31308774926
        ],
        "z_avg": 743.1865697018231,
        "phase_mid": [
            -15.564589125675484,
            -15.047322272001983,
            -15.017837340328883,
            -14.842444655733283,
            -14.705527700509084
        ],
        "phase_avg": -15.035544218849742,
        "r_avg": 769.53141736451,
        "c_avg": 1.5872842628453963e-09
    },
    "dwi t1": {
        "z_mid": [
            1876.65332508797,
            1763.77810423405,
            1826.63500867666,
            1811.16160503277,
            1777.04132450674
        ],
        "z_avg": 1811.0538735076382,
        "phase_mid": [
            -22.540975861017184,
            -21.061893063888785,
            -22.698597078108687,
            -21.408536074931785,
            -21.143871343816084
        ],
        "phase_avg": -21.770774684352507,
        "r_avg": 1950.1479148623228,
        "c_avg": 9.312595611020373e-10
    },
    "angga g1": {
        "z_mid": [
            903.3659707726181,
            907.222054399303,
            896.2462508622631,
            886.988013340105,
            876.156837705113
        ],
        "z_avg": 893.9958254158806,
        "phase_mid": [
            -12.798157107431583,
            -13.191272525876384,
            -12.726342944966284,
            -12.739917586751584,
            -12.455472308699184
        ],
        "phase_avg": -12.782232494745006,
        "r_avg": 916.7138181526431,
        "c_avg": 1.1253618908676387e-09
    },
    "angga g2": {
        "z_mid": [
            963.6575409825,
            945.02326815001,
            955.309927959686,
            958.380210285908,
            912.096923326106
        ],
        "z_avg": 946.893574140842,
        "phase_mid": [
            -14.717844380726284,
            -13.641829523546583,
            -13.872866250660083,
            -14.247020381327884,
            -14.241715414067084
        ],
        "phase_avg": -14.144255190065584,
        "r_avg": 976.4975040328854,
        "c_avg": 1.1735139660663715e-09
    },
    "angga g3": {
        "z_mid": [
            938.972852888788,
            941.464064059536,
            928.166450050576,
            913.063068872775,
            916.4603904790121
        ],
        "z_avg": 927.6253652701374,
        "phase_mid": [
            -11.587000625987484,
            -11.494688429826484,
            -10.709524595095683,
            -11.273062079495384,
            -11.223436592856384
        ],
        "phase_avg": -11.257542464652284,
        "r_avg": 945.8233951319236,
        "c_avg": 9.56979238446264e-10
    },
    "angga g4": {
        "z_mid": [
            896.2525211151241,
            911.87186272553,
            886.4510374075011,
            890.8294680241411,
            894.5460158414551
        ],
        "z_avg": 895.9901810227502,
        "phase_mid": [
            -11.463438656140983,
            -10.953989255373884,
            -11.334879849693284,
            -11.378789876105484,
            -11.708067183623983
        ],
        "phase_avg": -11.367832964187524,
        "r_avg": 913.9194630582402,
        "c_avg": 1.0003473067683906e-09
    },
    "angga t1": {
        "z_mid": [
            1783.2699611919,
            1948.99845854806,
            1956.80967766646,
            1914.57654582818,
            1930.36045657478
        ],
        "z_avg": 1906.8030199618763,
        "phase_mid": [
            -20.918469949995686,
            -17.665725381217886,
            -18.700879685829086,
            -17.899829018755486,
            -17.962895343869686
        ],
        "phase_avg": -18.629559875933566,
        "r_avg": 2012.236724091533,
        "c_avg": 7.618101445781495e-10
    },
    "avima g1": {
        "z_mid": [
            709.971776523776,
            729.9830539452461,
            728.799031717028,
            735.458299929499,
            764.5832079911551
        ],
        "z_avg": 733.7590740213408,
        "phase_mid": [
            -16.373501197048284,
            -17.292250950674585,
            -17.611214138638886,
            -17.194581648404384,
            -18.567103215340186
        ],
        "phase_avg": -17.407730230021265,
        "r_avg": 768.9783002782017,
        "c_avg": 1.854026625995039e-09
    },
    "avima g2": {
        "z_mid": [
            845.360288347146,
            817.471849930537,
            846.0368889266871,
            867.909030151773,
            823.887305032153
        ],
        "z_avg": 840.1330724776592,
        "phase_mid": [
            -19.325662412020186,
            -19.000826524722285,
            -19.270788610579384,
            -20.233603237748884,
            -19.057712796876785
        ],
        "phase_avg": -19.377718716389502,
        "r_avg": 890.5830357842217,
        "c_avg": 1.7958618839562423e-09
    },
    "avima g3": {
        "z_mid": [
            811.155052688979,
            827.863337625917,
            796.4675596428141,
            789.672599243612,
            767.81949448514
        ],
        "z_avg": 798.5956087372924,
        "phase_mid": [
            -18.944822017639684,
            -18.832980134433587,
            -17.701207093746685,
            -17.187105467739084,
            -16.042389822651685
        ],
        "phase_avg": -17.741700907242144,
        "r_avg": 838.4734494451341,
        "c_avg": 1.7351425967178258e-09
    },
    "avima g4": {
        "z_mid": [
            733.422002229581,
            733.83799587435,
            713.433480487972,
            728.020224997887,
            723.19672359821
        ],
        "z_avg": 726.3820854376,
        "phase_mid": [
            -18.098151656441686,
            -18.403663664685087,
            -16.851139256793687,
            -17.837700500688484,
            -16.223564222214485
        ],
        "phase_avg": -17.482843860164685,
        "r_avg": 761.5609075311062,
        "c_avg": 1.8806852261234657e-09
    },
    "avima t1": {
        "z_mid": [
            2123.0906233536202,
            2520.5171164367403,
            2252.97692356992,
            2216.5432176120003,
            2390.89650857615
        ],