{
    "dwi g1": {
        "id": "id001 dwi",
        "weight": 60,
        "height": 165,
        "age": 21,
        "gender": 1,
        "impedance": 997.1480000000001,
        "ffm": 41.321329904888735,
        "ffm_percentage": 68.86888317481456,
        "fm": 18.678670095111265,
        "fm_percentage": 31.13111682518544,
        "tbw": 30.164570830568774,
        "tbw_percentage": 50.27428471761463
    },
    "dwi g2": {
        "id": "id001 dwi",
        "weight": 60,
        "height": 165,
        "age": 21,
        "gender": 1,
        "impedance": 1002.7099999999998,
        "ffm": 41.26165934317998,
        "ffm_percentage": 68.7694322386333,
        "fm": 18.73834065682002,
        "fm_percentage": 31.2305677613667,
        "tbw": 30.121011320521383,
        "tbw_percentage": 50.2016855342023
    },
    "dwi g3": {
        "id": "id001 dwi",
        "weight": 60,
        "height": 165,
        "age": 21,
        "gender": 1,
        "impedance": 1005.6899999999999,
        "ffm": 41.229960683709685,
        "ffm_percentage": 68.71660113951614,
        "fm": 18.770039316290315,
        "fm_percentage": 31.283398860483857,
        "tbw": 30.097871299108068,
        "tbw_percentage": 50.163118831846774
    },
    "dwi g4": {
        "id": "id001 dwi",
        "weight": 60,
        "height": 165,
        "age": 21,
        "gender": 1,
        "impedance": 1028.9479999999999,
        "ffm": 40.98887083895396,
        "ffm_percentage": 68.31478473158992,
        "fm": 19.011129161046043,
        "fm_percentage": 31.685215268410072,
        "tbw": 29.92187571243639,
        "tbw_percentage": 49.86979285406065
    },
    "dwi t1": {
        "id": "id001 dwi",
        "weight": 60,
        "height": 165,
        "age": 21,
        "gender": 1,
        "impedance": 1034.216,
        "ffm": 40.93576953363707,
        "ffm_percentage": 68.22628255606179,
        "fm": 19.06423046636293,
        "fm_percentage": 31.773717443938214,
        "tbw": 29.88311175955506,
        "tbw_percentage": 49.8051862659251
    },
    "angga g1": {
        "id": "id002 angga",
        "weight": 58,
        "height": 181,
        "age": 21,
        "gender": 1,
        "impedance": 1016.6200000000001,
        "ffm": 42.85281296846413,
        "ffm_percentage": 73.8841602904554,
        "fm": 15.147187031535871,
        "fm_percentage": 26.11583970954461,
        "tbw": 31.282553466978815,
        "tbw_percentage": 53.93543701203244
    },
    "angga g2": {
        "id": "id002 angga",
        "weight": 58,
        "height": 181,
        "age": 21,
        "gender": 1,
        "impedance": 1008.82,
        "ffm": 42.95098225649769,
        "ffm_percentage": 74.0534176836167,
        "fm": 15.049017743502311,
        "fm_percentage": 25.946582316383292,
        "tbw": 31.354217047243313,
        "tbw_percentage": 54.058994909040194
    },
    "angga g3": {
        "id": "id002 angga",
        "weight": 58,
        "height": 181,
        "age": 21,
        "gender": 1,
        "impedance": 1068.87,
        "ffm": 42.23214957852686,
        "ffm_percentage": 72.8140509974601,
        "fm": 15.767850421473142,
        "fm_percentage": 27.1859490025399,
        "tbw": 30.829469192324606,
        "tbw_percentage": 53.15425722814587
    },
    "angga g4": {
        "id": "id002 angga",
        "weight": 58,
        "height": 181,
        "age": 21,
        "gender": 1,
        "impedance": 1015.758,
        "ffm": 42.86358783095974,
        "ffm_percentage": 73.90273763958575,
        "fm": 15.136412169040263,
        "fm_percentage": 26.09726236041425,
        "tbw": 31.290419116600606,
        "tbw_percentage": 53.9489984768976
    },
    "angga t1": {
        "id": "id002 angga",
        "weight": 58,
        "height": 181,
        "age": 21,
        "gender": 1,
        "impedance": 1556.908,
        "ffm": 38.44668512718799,
        "ffm_percentage": 66.28738815032412,
        "fm": 19.55331487281201,
        "fm_percentage": 33.71261184967588,
        "tbw": 28.066080142847234,
        "tbw_percentage": 48.38979334973661
    },
    "avima g1": {
        "id": "id003 avima",
        "weight": 58,
        "height": 169,
        "age": 21,
        "gender": 1,
        "impedance": 973.0899999999999,
        "ffm": 41.720227358209414,
        "ffm_percentage": 71.9314264796714,
        "fm": 16.279772641790586,
        "fm_percentage": 28.0685735203286,
        "tbw": 30.45576597149287,
        "tbw_percentage": 52.50994133016012
    },
    "avima g2": {
        "id": "id003 avima",
        "weight": 58,
        "height": 169,
        "age": 21,
        "gender": 1,
        "impedance": 978.1039999999999,
        "ffm": 41.66094630427848,
        "ffm_percentage": 71.82921776599738,
        "fm": 16.339053695721518,
        "fm_percentage": 28.170782234002615,
        "tbw": 30.41249080212329,
        "tbw_percentage": 52.43532896917809
    },
    "avima g3": {
        "id": "id003 avima",
        "weight": 58,
        "height": 169,
        "age": 21,
        "gender": 1,
        "impedance": 997.534,
        "ffm": 41.43685258246837,
        "ffm_percentage": 71.44284928011788,
        "fm": 16.56314741753163,
        "fm_percentage": 28.557150719882124,
        "tbw": 30.24890238520191,
        "tbw_percentage": 52.15327997448605
    },
    "avima g4": {
        "id": "id003 avima",
        "weight": 58,
        "height": 169,
        "age": 21,
        "gender": 1,
        "impedance": 935.9639999999999,
        "ffm": 42.17893464278541,
        "ffm_percentage": 72.7223011082507,
        "fm": 15.821065357214593,
        "fm_percentage": 27.277698891749296,
        "tbw": 30.790622289233347,
        "tbw_percentage": 53.087279809023016
    },
    "avima t1": {
        "id": "id003 avima",
        "weight": 58,
        "height": 169,
        "age": 21,
        "gender": 1,
        "impedance": 781.3439999999999,
        "ffm": 44.558150653233405,
        "ffm_percentage": 76.82439767798863,
        "fm": 13.441849346766595,
        "fm_percentage": 23.175602322011372,
        "tbw": 32.52744997686038,
        "tbw_percentage": 56.08181030493169
    },
    "aldian g1": {
        "id": "id004 aldian",
        "weight": 62,
        "height": 167,
        "age": 21,
        "gender": 1,
        "impedance": 1024.4720000000002,
        "ffm": 41.69778459928626,
        "ffm_percentage": 67.25449128917138,
        "fm": 20.30221540071374,
        "fm_percentage": 32.74550871082862,
        "tbw": 30.439382757478967,
        "tbw_percentage": 49.09577864109511
    },
    "aldian g2": {
        "id": "id004 aldian",
        "weight": 62,
        "height": 167,
        "age": 21,
        "gender": 1,
        "impedance": 1031.3939999999998,
        "ffm": 41.625800584451724,
        "ffm_percentage": 67.13838803943827,
        "fm": 20.374199415548276,
        "fm_percentage": 32.86161196056174,
        "tbw": 30.38683442664976,
        "tbw_percentage": 49.011023268789934
    },
    "aldian g3": {
        "id": "id004 aldian",
        "weight": 62,
        "height": 167,
        "age": 21,
        "gender": 1,
        "impedance": 968.3880000000001,
        "ffm": 42.31896629863236,
        "ffm_percentage": 68.25639725585864,
        "fm": 19.68103370136764,
        "fm_percentage": 31.743602744141352,
        "tbw": 30.892845398001622,
        "tbw_percentage": 49.82716999677681
    },
    "aldian g4": {
        "id": "id004 aldian",
        "weight": 62,
        "height": 167,
        "age": 21,
        "gender": 1,
        "impedance": 959.8199999999999,
        "ffm": 42.420256964847574,
        "ffm_percentage": 68.41976929814125,
        "fm": 19.579743035152426,
        "fm_percentage": 31.580230701858753,
        "tbw": 30.96678758433873,
        "tbw_percentage": 49.94643158764311
    },
    "aldian t1": {
        "id": "id004 aldian",
        "weight": 62,
        "height": 167,
        "age": 21,
        "gender": 1,
        "impedance": 963.766,