{
    "delta_z": [
        2.2840000000000145,
        0.3480000000000018,
        0.87199999999998,
        1.77800000000002,
        1.918000000000029,
        1.8539999999999737,
        1.4079999999999928,
        2.251999999999998,
        3.1159999999999854,
        2.7120000000000117,
        1.7800000000000182,
        1.5440000000000054,
        2.775999999999999,
        1.0400000000000091,
        2.243999999999983,
        1.8639999999999872,
        1.475999999999999,
        4.287999999999988,
        4.387999999999988,
        1.5319999999999936,
        2.6799999999999953,
        1.6340000000000146,
        1.5539999999999963,
        3.6419999999999844,
        3.18599999999999,
        1.8440000000000054,
        1.9420000000000073,
        2.1639999999999873,
        2.3019999999999983,
        3.006000000000017,
        1.3
    ],
    "delta_phase": [
        289.682,
        290.806,
        291.754,
        292.78200000000004,
        293.808,
        294.828,
        295.81399999999996,
        296.776,
        297.968,
        298.93600000000004,
        299.90400000000005,
        300.902,
        301.988,
        302.962,
        303.908,
        304.9,
        306.068,
        307.034,
        308.018,
        309.0,
        310.09000000000003,
        310.994,
        311.91200000000003,
        312.99399999999997,
        314.106,
        315.03599999999994,
        316.082,
        316.988,
        318.11,
        319.03200000000004,
        320.004
    ]
}