{
    "1003ohm": {
        "z_mid": [
            999.6857823174461,
            998.314032572793,
            997.7958536222731,
            997.2763396866591,
            1000.633159123156
        ],
        "z_avg": 998.7410334644653,
        "phase_mid": [
            -0.07266422823157664,
            -0.042936202211979045,
            -0.12148660001195134,
            -0.19995538711104935,
            -0.048183662056476444
        ],
        "phase_avg": -0.09704521592460656,
        "r_avg": 998.7424660693026,
        "c_avg": 7.711706361492543e-12
    },
    "g1": {
        "z_mid": [
            765.399596371523,
            770.3879746901081,
            779.501028874065,
            770.4681977355591,
            773.323082624839
        ],
        "z_avg": 771.8159760592188,
        "phase_mid": [
            -16.48969453267222,
            -16.85457050503242,
            -17.793874627255722,
            -16.90003206663832,
            -16.08244785238262
        ],
        "phase_avg": -16.82412391679626,
        "r_avg": 806.3286835816426,
        "c_avg": 1.7052542266166988e-09
    },
    "g2": {
        "z_mid": [
            843.2819698574431,
            837.006320148467,
            829.875474519329,
            836.0370524315141,
            842.849588302181
        ],
        "z_avg": 837.8100810517868,
        "phase_mid": [
            -19.72728738295152,
            -19.41185436708152,
            -19.50356339526202,
            -19.816970206692922,
            -19.37731858839242
        ],
        "phase_avg": -19.567398788076083,
        "r_avg": 889.160739392609,
        "c_avg": 1.8177817333842808e-09
    },
    "g3": {
        "z_mid": [
            785.7437144363751,
            768.658304853069,
            798.603579521707,
            787.8429366733731,
            782.463520117161
        ],
        "z_avg": 784.6624111203371,
        "phase_mid": [
            -15.002223746946221,
            -13.721146244366121,
            -15.136937432825722,
            -14.501500617932221,
            -14.427573374412422
        ],
        "phase_avg": -14.557876283296542,
        "r_avg": 810.6902459334815,
        "c_avg": 1.456671630051062e-09
    },
    "g4": {
        "z_mid": [
            734.660094104281,
            722.306987954504,
            735.364262119886,
            726.4947154544791,
            728.55958364618
        ],
        "z_avg": 729.477128655866,
        "phase_mid": [
            -16.14492829150662,
            -15.24027749539732,
            -16.534788543102422,
            -15.97453860564002,
            -15.59977300324892
        ],
        "phase_avg": -15.898861187779062,
        "r_avg": 758.4919056734955,
        "c_avg": 1.7076388317136648e-09
    },
    "t1": {
        "z_mid": [
            1750.429094561126,
            1745.4729419761761,
            1830.885192316726,
            1853.4655195537262,
            1885.3874395981861
        ],
        "z_avg": 1813.128037601188,
        "phase_mid": [
            -19.23965764630832,
            -18.628305905391322,
            -19.33231087891292,
            -18.60572278425182,
            -19.520386146760423
        ],
        "phase_avg": -19.065276672324963,
        "r_avg": 1918.3555067078787,
        "c_avg": 8.19218683274996e-10
    }
}