{
    "model_err_1": {
        "degree": 3,
        "model_coef": [
            -1.041354531283264e-08,
            5.2466078240006686e-05,
            -0.0784303064720715,
            35.69202237529775
        ],
        "r_square": 0.7403084180643072
    },
    "model_err_2": {
        "degree": 5,
        "model_coef": [
            -1.2137494879000452e-14,
            9.840763511987253e-11,
            -2.999954848910577e-07,
            0.00042458613465907097,
            -0.2738602592970004,
            64.70442142099805
        ],
        "r_square": 0.9356551821426957
    },
    "model_err_3": {
        "degree": 7,
        "model_coef": [
            -1.4671117332194963e-20,
            1.5897327778652505e-16,
            -7.030953843542008e-13,
            1.6350717528714962e-09,
            -2.146594836319825e-06,
            0.0015848476436250668,
            -0.609183955096896,
            96.22245862322413
        ],
        "r_square": 0.9766663432714275
    },
    "model_z_1": {
        "degree": 1,
        "model_coef": [
            1.0522554698971198,
            -43.97663705609784
        ],
        "r_square": 0.9999235193774607
    }
}