{
    "model_err_1": {
        "degree": 3,
        "model_coef": [
            -1.018894428604231e-08,
            5.120453748168356e-05,
            -0.07623064993975832,
            34.56884770339426
        ],
        "r_square": 0.7333764366518768
    },
    "model_err_2": {
        "degree": 5,
        "model_coef": [
            -1.1958473365574317e-14,
            9.691865469018845e-11,
            -2.952385197919159e-07,
            0.0004172145939252695,
            -0.26820145595329825,
            62.98815732763667
        ],
        "r_square": 0.9348892407504565
    },
    "model_err_3": {
        "degree": 7,
        "model_coef": [
            -1.4182214172742607e-20,
            1.536363565423822e-16,
            -6.79480987310263e-13,
            1.5807089344746228e-09,
            -2.0769785813825394e-06,
            0.001535456974743893,
            -0.590778376908626,
            93.2016552257772
        ],
        "r_square": 0.9757596015125014
    },
    "model_z_1": {
        "degree": 1,
        "model_coef": [
            1.0522554698971196,
            -42.92438158620085
        ],
        "r_square": 0.9999235195003688
    }
}