{
    "delta_z": [
        5.410995545128003,
        6.411918613132002,
        3.585482411470025,
        6.572005696776,
        5.043609074699998,
        6.725798715251995,
        6.378970277314011,
        5.234110969709991,
        6.976701858976026,
        6.291944390479989,
        7.595463699015999,
        5.730793316328004,
        4.357912745530006,
        9.563764282804005,
        6.730446423123999,
        4.81968780615,
        6.716124974796003,
        7.476096714397977,
        5.114828664358015,
        3.6888086881399884,
        6.793698530941993,
        7.124907773820018,
        5.257603215533981,
        4.22751238625599,
        4.303011689475989,
        3.2605878234579904,
        5.237528342707992,
        5.429814305880018,
        7.269031871946003,
        3.5324957573040137,
        4.851031516770012
    ],
    "delta_phase": [
        0.0999138521735744,
        -0.025690351850210024,
        0.03953451907078716,
        -0.002077856974028702,
        0.028782751058645317,
        0.02177350779629706,
        0.08572238052524887,
        -0.07834906501408337,
        -0.04080947326913241,
        0.029332557227098717,
        -0.019589375313046265,
        0.07890779520665767,
        0.03746349460074046,
        0.12371821216854642,
        0.238139278684855,
        0.015045345507348939,
        -0.0008010249822631377,
        0.29044757395262194,
        -0.12398502918633789,
        0.06462293246582927,
        0.031981037771674894,
        0.13243348658460255,
        0.06286152785287422,
        -0.01108232098977173,
        0.009255961104270316,
        0.2280157058716441,
        0.04775391468109548,
        0.10290804746261979,
        0.08565498584080156,
        0.0827951702170139,
        0.1537278481705016
    ]
}