{
    "1007ohm": {
        "z_ref": 1007.0,
        "z_mid": [
            995.851157518747,
            991.78968791574,
            997.21888271948,
            996.30764651091,
            997.76367814593
        ],
        "z_avg": 995.7862105621614,
        "z_err": 1.113583856786357,
        "phase_ref": 0,
        "phase_mid": [
            0.11451421088987705,
            -0.12961848649551994,
            -0.057061955415451934,
            0.057374292785436765,
            0.02629811316638776
        ],
        "phase_avg": 0.002301234986145941,
        "phase_err": Infinity
    },
    "1106ohm": {
        "z_ref": 1106.0,
        "z_mid": [
            1078.0333628708,
            1080.9098179867701,
            1082.0857919292698,
            1086.26903782285,
            1084.5430958368302
        ],
        "z_avg": 1082.368221289304,
        "z_err": 2.1366888526849843,
        "phase_ref": 0,
        "phase_mid": [
            -0.04496692984649834,
            -0.05054920843643913,
            -0.022289646368210528,
            0.15365497673424208,
            0.18727128867085407
        ],
        "phase_avg": 0.044624096150789626,
        "phase_err": Infinity
    },
    "1207ohm": {
        "z_ref": 1207.0,
        "z_mid": [
            1182.14671821705,
            1182.9000948662301,
            1177.20322325077,
            1181.49996058214,
            1183.54914837262
        ],
        "z_avg": 1181.459829057762,
        "z_err": 2.116004220566536,
        "phase_ref": 0,
        "phase_mid": [
            0.2532984701769121,
            0.3522662082978741,
            0.06152724069552276,
            0.32094352948457705,
            0.28455830035063606
        ],
        "phase_avg": 0.2545187498011044,
        "phase_err": Infinity
    },
    "1334ohm": {
        "z_ref": 1334.0,
        "z_mid": [
            1298.8470266547602,
            1301.5765635390098,
            1298.1958626923602,
            1305.7680856687798,
            1301.5765635390098
        ],
        "z_avg": 1301.1928204187839,
        "z_err": 2.459308814184118,
        "phase_ref": 0,
        "phase_mid": [
            0.14934752392032308,
            0.4757248234354391,
            0.40659215235815505,
            0.4706570391940201,
            0.4757248234354391
        ],
        "phase_avg": 0.39560927246867533,
        "phase_err": Infinity
    },
    "1471ohm": {
        "z_ref": 1471.0,
        "z_mid": [
            1426.1409395281698,
            1427.0865171629998,
            1423.16679833527,
            1424.1099875376299,
            1426.1409395281698
        ],
        "z_avg": 1425.329036418448,
        "z_err": 3.1047561918118345,
        "phase_ref": 0,
        "phase_mid": [
            0.4457404436980821,
            0.3642069749549361,
            0.489208993216505,
            0.40787387978640505,
            0.4457404436980821
        ],
        "phase_avg": 0.4305541470708021,
        "phase_err": Infinity
    },
    "1570ohm": {
        "z_ref": 1570.0,
        "z_mid": [
            1521.53580761571,
            1541.34298575482,
            1538.9802775194698,
            1537.7357563659298,
            1537.7357563659298
        ],
        "z_avg": 1535.4661167243717,
        "z_err": 2.1996103997215504,
        "phase_ref": 0,
        "phase_mid": [
            0.638668467337379,
            0.8809369417742341,
            0.839357651148202,
            0.7103199679748511,
            0.7103199679748511
        ],
        "phase_avg": 0.7559205992419035,
        "phase_err": Infinity
    },
    "1669ohm": {
        "z_ref": 1669.0,
        "z_mid": [
            1643.7521676054898,
            1629.1501708852902,
            1629.1501708852902,
            1638.52238389071,
            1627.9019978738302
        ],
        "z_avg": 1633.695378228122,
        "z_err": 2.1153158641029313,
        "phase_ref": 0,
        "phase_mid": [
            0.849521417397011,
            0.7224680593187831,
            0.7224680593187831,
            0.9918544343804712,
            0.8152339907264381
        ],
        "phase_avg": 0.8203091922282972,
        "phase_err": Infinity
    },
    "1739ohm": {
        "z_ref": 1739.0,
        "z_mid": [
            1706.0630686620698,
            1695.91330784108,
            1697.4220335396499,
            1703.1740948879901,
            1704.67825245507
        ],
        "z_avg": 1701.450151477172,
        "z_err": 2.1592782359302998,
        "phase_ref": 0,
        "phase_mid": [
            1.044319713788931,
            0.7636086060184201,
            0.9059456938369521,
            0.9980391284862711,
            1.141191824618271
        ],
        "phase_avg": 0.9706209933497689,
        "phase_err": Infinity
    },
    "198.6ohm": {
        "z_ref": 198.6,
        "z_mid": [
            228.714240898327,
            228.334084269696,
            228.527562778745,
            228.52046205875,
            228.442585530803
        ],
        "z_avg": 228.50778710726422,
        "z_err": 15.059308714634556,
        "phase_ref": 0,
        "phase_mid": [
            -1.000044884342788,
            -1.040789440065219,
            -1.004130929692553,
            -1.0367362292241589,
            -1.029161739161209
        ],
        "phase_avg": -1.0221726444971855,
        "phase_err": Infinity
    },
    "1982ohm": {
        "z_ref": 1982.0,
        "z_mid": [
            1930.1123955525,
            1931.9033663148298,
            1937.51752958289,
            1928.3177077917198,
            1928.3177077917198
        ],
        "z_avg": 1931.233741406732,
        "z_err": 2.5613652166129186,
        "phase_ref": 0,
        "phase_mid": [
            1.401325131211431,
            1.291898444665901,
            1.5079632200573911,
            1.510549119749001,
            1.510549119749001
        ],
        "phase_avg": 1.444457007086545,
        "phase_err": Infinity
    },
    "2176ohm": {
        "z_ref": 2176.0,
        "z_mid": [
            2106.23409485422,
            2112.90668969408,
            2112.90668969408,
            2121.77178047681,
            2121.77178047681
        ],
        "z_avg": 2115.1182070392,
        "z_err": 2.797876514742642,
        "phase_ref": 0,
        "phase_mid": [
            1.282606141361791,
            1.518161827907261,
            1.518161827907261,
            1.6354108719593912,
            1.6354108719593912
        ],
        "phase_avg": 1.517950308219019,
        "phase_err": Infinity
    },
    "2375ohm": {
        "z_ref": 2375.0,
        "z_mid": [
            2304.78191303556,
            2281.43861514842,
            2304.75970643783,
            2294.3710960799003,
            2289.13118982214
        ],
        "z_avg": 2294.8965041047695,
        "z_err": 3.37277877453602,
        "phase_ref": 0,
        "phase_mid": [
            2.1185084181702307,
            1.6682290057191411,
            1.794072058755671,
            1.989025824415491,
            1.602482266673471
        ],
        "phase_avg": 1.8344635147468011,
        "phase_err": Infinity
    },
    "2642ohm": {
        "z_ref": 2642.0,
        "z_mid": [
            2560.27616781376,
            2550.68522475697,
            2550.68522475697,
            2566.7202541053002,
            2547.47211678052
        ],
        "z_avg": 2555.1677976427045,
        "z_err": 3.286608719049792,
        "phase_ref": 0,
        "phase_mid": [
            2.413966876742061,
            2.125419998256871,
            2.125419998256871,
            2.4871241137608506,
            2.268747885721851
        ],
        "phase_avg": 2.2841357745477007,
        "phase_err": Infinity
    },
    "2853ohm": {
        "z_ref": 2853.0,
        "z_mid": [
            2754.4713614985203,
            2754.4713614985203,
            2747.06502088868,
            2754.4713614985203,
            2736.07271666862
        ],
        "z_avg": 2749.310364410572,