{
    "1007.0": {
        "z_ref": 1007.0,
        "z_mid": [
            994.851157518747,
            990.78968791574,
            996.21888271948,
            995.30764651091,
            996.76367814593
        ],
        "z_avg": 994.7862105621614,
        "z_err": 1.2128887227247878,
        "phase_ref": 0,
        "phase_mid": [
            0.11451421088987705,
            -0.12961848649551994,
            -0.057061955415451934,
            0.057374292785436765,
            0.02629811316638776
        ],
        "phase_avg": 0.002301234986145941,
        "phase_err": Infinity
    },
    "1106.0": {
        "z_ref": 1106.0,
        "z_mid": [
            1077.0333628708,
            1079.9098179867701,
            1081.0857919292698,
            1085.26903782285,
            1083.5430958368302
        ],
        "z_avg": 1081.368221289304,
        "z_err": 2.2271047658857075,
        "phase_ref": 0,
        "phase_mid": [
            -0.04496692984649834,
            -0.05054920843643913,
            -0.022289646368210528,
            0.15365497673424208,
            0.18727128867085407
        ],
        "phase_avg": 0.044624096150789626,
        "phase_err": Infinity
    },
    "1207.0": {
        "z_ref": 1207.0,
        "z_mid": [
            1181.14671821705,
            1181.9000948662301,
            1176.20322325077,
            1180.49996058214,
            1182.54914837262
        ],
        "z_avg": 1180.459829057762,
        "z_err": 2.198854261991557,
        "phase_ref": 0,
        "phase_mid": [
            0.2532984701769121,
            0.3522662082978741,
            0.06152724069552276,
            0.32094352948457705,
            0.28455830035063606
        ],
        "phase_avg": 0.2545187498011044,
        "phase_err": Infinity
    },
    "1334.0": {
        "z_ref": 1334.0,
        "z_mid": [
            1297.8470266547602,
            1300.5765635390098,
            1297.1958626923602,
            1304.7680856687798,
            1300.5765635390098
        ],
        "z_avg": 1300.1928204187839,
        "z_err": 2.5342713329247477,
        "phase_ref": 0,
        "phase_mid": [
            0.14934752392032308,
            0.4757248234354391,
            0.40659215235815505,
            0.4706570391940201,
            0.4757248234354391
        ],
        "phase_avg": 0.39560927246867533,
        "phase_err": Infinity
    },
    "1471.0": {
        "z_ref": 1471.0,
        "z_mid": [
            1425.1409395281698,
            1426.0865171629998,
            1422.16679833527,
            1423.1099875376299,
            1425.1409395281698
        ],
        "z_avg": 1424.329036418448,
        "z_err": 3.1727371571415426,
        "phase_ref": 0,
        "phase_mid": [
            0.4457404436980821,
            0.3642069749549361,
            0.489208993216505,
            0.40787387978640505,
            0.4457404436980821
        ],
        "phase_avg": 0.4305541470708021,
        "phase_err": Infinity
    },
    "1570.0": {
        "z_ref": 1570.0,
        "z_mid": [
            1520.53580761571,
            1540.34298575482,
            1537.9802775194698,
            1536.7357563659298,
            1536.7357563659298
        ],
        "z_avg": 1534.4661167243717,
        "z_err": 2.263304667237474,
        "phase_ref": 0,
        "phase_mid": [
            0.638668467337379,
            0.8809369417742341,
            0.839357651148202,
            0.7103199679748511,
            0.7103199679748511
        ],
        "phase_avg": 0.7559205992419035,
        "phase_err": Infinity
    },
    "1669.0": {
        "z_ref": 1669.0,
        "z_mid": [
            1642.7521676054898,
            1628.1501708852902,
            1628.1501708852902,
            1637.52238389071,
            1626.9019978738302
        ],
        "z_avg": 1632.695378228122,
        "z_err": 2.1752319815385213,
        "phase_ref": 0,
        "phase_mid": [
            0.849521417397011,
            0.7224680593187831,
            0.7224680593187831,
            0.9918544343804712,
            0.8152339907264381
        ],
        "phase_avg": 0.8203091922282972,
        "phase_err": Infinity
    },
    "1739.0": {
        "z_ref": 1739.0,
        "z_mid": [
            1705.0630686620698,
            1694.91330784108,
            1696.4220335396499,
            1702.1740948879901,
            1703.67825245507
        ],
        "z_avg": 1700.450151477172,
        "z_err": 2.216782548753762,
        "phase_ref": 0,
        "phase_mid": [
            1.044319713788931,
            0.7636086060184201,
            0.9059456938369521,
            0.9980391284862711,
            1.141191824618271
        ],
        "phase_avg": 0.9706209933497689,
        "phase_err": Infinity
    },
    "198.6": {
        "z_ref": 198.6,
        "z_mid": [
            227.714240898327,
            227.334084269696,
            227.527562778745,
            227.52046205875,
            227.442585530803
        ],
        "z_avg": 227.50778710726422,
        "z_err": 14.555784041925593,
        "phase_ref": 0,
        "phase_mid": [
            -1.000044884342788,
            -1.040789440065219,
            -1.004130929692553,
            -1.0367362292241589,
            -1.029161739161209
        ],
        "phase_avg": -1.0221726444971855,
        "phase_err": Infinity
    },
    "1982.0": {
        "z_ref": 1982.0,
        "z_mid": [
            1929.1123955525,
            1930.9033663148298,
            1936.51752958289,
            1927.3177077917198,
            1927.3177077917198
        ],
        "z_avg": 1930.233741406732,
        "z_err": 2.6118193033939483,
        "phase_ref": 0,
        "phase_mid": [
            1.401325131211431,
            1.291898444665901,
            1.5079632200573911,
            1.510549119749001,
            1.510549119749001
        ],
        "phase_avg": 1.444457007086545,
        "phase_err": Infinity
    },
    "2176.0": {
        "z_ref": 2176.0,
        "z_mid": [
            2105.23409485422,
            2111.90668969408,
            2111.90668969408,
            2120.77178047681,
            2120.77178047681
        ],
        "z_avg": 2114.1182070392,
        "z_err": 2.843832397095583,
        "phase_ref": 0,
        "phase_mid": [
            1.282606141361791,
            1.518161827907261,
            1.518161827907261,
            1.6354108719593912,
            1.6354108719593912
        ],
        "phase_avg": 1.517950308219019,
        "phase_err": Infinity
    },
    "2375.0": {
        "z_ref": 2375.0,
        "z_mid": [
            2303.78191303556,
            2280.43861514842,
            2303.75970643783,
            2293.3710960799003,
            2288.13118982214
        ],
        "z_avg": 2293.8965041047695,
        "z_err": 3.4148840376939145,
        "phase_ref": 0,
        "phase_mid": [
            2.1185084181702307,
            1.6682290057191411,
            1.794072058755671,
            1.989025824415491,
            1.602482266673471
        ],
        "phase_avg": 1.8344635147468011,
        "phase_err": Infinity
    },
    "2642.0": {
        "z_ref": 2642.0,
        "z_mid": [
            2559.27616781376,
            2549.68522475697,
            2549.68522475697,
            2565.7202541053002,
            2546.47211678052
        ],
        "z_avg": 2554.1677976427045,
        "z_err": 3.3244588326001323,
        "phase_ref": 0,
        "phase_mid": [
            2.413966876742061,
            2.125419998256871,
            2.125419998256871,
            2.4871241137608506,
            2.268747885721851
        ],
        "phase_avg": 2.2841357745477007,
        "phase_err": Infinity
    },
    "2853.0": {
        "z_ref": 2853.0,
        "z_mid": [
            2753.4713614985203,
            2753.4713614985203,
            2746.06502088868,
            2753.4713614985203,
            2735.07271666862
        ],
        "z_avg": 2748.310364410572,
        "z_err": 3.669457959671496,