{
    "model_1": {
        "degree": 1,
        "model_coef": [
            1.0522554698971198,
            -43.976637056098205
        ],
        "r_square": 0.9999235193789675
    },
    "model_2": {
        "degree": 2,
        "model_coef": [
            -3.4255873158494604e-07,
            1.0532145982758851,
            -44.45873988885182
        ],
        "r_square": 0.9999235806731448
    },
    "model_3": {
        "degree": 3,
        "model_coef": [
            2.1650739087380397e-09,
            -9.511540710277838e-06,
            1.063713594045635,
            -47.26556076117231
        ],
        "r_square": 0.999924724333448
    }
}