{
    "1007.0": {
        "z_ref": 1007.0,
        "z_mid": [
            999.203600669823,
            995.1421310668161,
            1000.571325870556,
            999.660089661986,
            1001.1161212970061
        ],
        "z_avg": 999.1386537132375,
        "z_err": 0.7806699391025278,
        "phase_ref": 0,
        "phase_mid": [
            0.13047640090270565,
            -0.11365629648269134,
            -0.04109976540262334,
            0.07333648279826536,
            0.042260303179216356
        ],
        "phase_avg": 0.01826342499897454,
        "phase_err": Infinity
    },
    "1106.0": {
        "z_ref": 1106.0,
        "z_mid": [
            1081.385806021876,
            1084.262261137846,
            1085.438235080346,
            1089.621480973926,
            1087.895538987906
        ],
        "z_avg": 1085.72066444038,
        "z_err": 1.8335746437269436,
        "phase_ref": 0,
        "phase_mid": [
            -0.029004739833669742,
            -0.03458701842361054,
            -0.006327456355381931,
            0.16961716674707067,
            0.20323347868368266
        ],
        "phase_avg": 0.06058628616361823,
        "phase_err": Infinity
    },
    "1207.0": {
        "z_ref": 1207.0,
        "z_mid": [
            1185.4991613681261,
            1186.252538017306,
            1180.555666401846,
            1184.852403733216,
            1186.901591523696
        ],
        "z_avg": 1184.812272208838,
        "z_err": 1.8382541666248495,
        "phase_ref": 0,
        "phase_mid": [
            0.2692606601897407,
            0.3682283983107027,
            0.07748943070835136,
            0.33690571949740566,
            0.3005204903634647
        ],
        "phase_avg": 0.270480939813933,
        "phase_err": Infinity
    },
    "1334.0": {
        "z_ref": 1334.0,
        "z_mid": [
            1302.199469805836,
            1304.929006690086,
            1301.548305843436,
            1309.120528819856,
            1304.929006690086
        ],
        "z_avg": 1304.5452635698598,
        "z_err": 2.2080012316446926,
        "phase_ref": 0,
        "phase_mid": [
            0.16530971393315166,
            0.4916870134482677,
            0.42255434237098366,
            0.4866192292068487,
            0.4916870134482677
        ],
        "phase_avg": 0.41157146248150384,
        "phase_err": Infinity
    },
    "1471.0": {
        "z_ref": 1471.0,
        "z_mid": [
            1429.493382679246,
            1430.438960314076,
            1426.5192414863461,
            1427.462430688706,
            1429.493382679246
        ],
        "z_avg": 1428.681479569524,
        "z_err": 2.8768538701887105,
        "phase_ref": 0,
        "phase_mid": [
            0.4617026337109107,
            0.3801691649677647,
            0.5051711832293336,
            0.42383606979923366,
            0.4617026337109107
        ],
        "phase_avg": 0.4465163370836307,
        "phase_err": Infinity
    },
    "1570.0": {
        "z_ref": 1570.0,
        "z_mid": [
            1524.888250766786,
            1544.695428905896,
            1542.332720670546,
            1541.088199517006,
            1541.088199517006
        ],
        "z_avg": 1538.8185598754478,
        "z_err": 1.9860789888249797,
        "phase_ref": 0,
        "phase_mid": [
            0.6546306573502076,
            0.8968991317870627,
            0.8553198411610307,
            0.7262821579876797,
            0.7262821579876797
        ],
        "phase_avg": 0.7718827892547321,
        "phase_err": Infinity
    },
    "1669.0": {
        "z_ref": 1669.0,
        "z_mid": [
            1647.104610756566,
            1632.5026140363661,
            1632.5026140363661,
            1641.8748270417861,
            1631.254441024906
        ],
        "z_avg": 1637.0478213791982,
        "z_err": 1.9144504865669119,
        "phase_ref": 0,
        "phase_mid": [
            0.8654836074098397,
            0.7384302493316117,
            0.7384302493316117,
            1.0078166243932998,
            0.8311961807392667
        ],
        "phase_avg": 0.8362713822411258,
        "phase_err": Infinity
    },
    "1739.0": {
        "z_ref": 1739.0,
        "z_mid": [
            1709.415511813146,
            1699.265750992156,
            1700.774476690726,
            1706.526538039066,
            1708.030695606146
        ],
        "z_avg": 1704.8025946282482,
        "z_err": 1.9664982962479445,
        "phase_ref": 0,
        "phase_mid": [
            1.0602819038017597,
            0.7795707960312487,
            0.9219078838497807,
            1.0140013184990997,
            1.1571540146310997
        ],
        "phase_avg": 0.9865831833625975,
        "phase_err": Infinity
    },
    "198.6": {
        "z_ref": 198.6,
        "z_mid": [
            232.066684049403,
            231.686527420772,
            231.88000592982098,
            231.872905209826,
            231.795028681879
        ],
        "z_avg": 231.8602302583402,
        "z_err": 16.747346555055493,
        "phase_ref": 0,
        "phase_mid": [
            -0.9840826943299593,
            -1.0248272500523903,
            -0.9881687396797243,
            -1.0207740392113303,
            -1.0131995491483803
        ],
        "phase_avg": -1.0062104544843569,
        "phase_err": Infinity
    },
    "1982.0": {
        "z_ref": 1982.0,
        "z_mid": [
            1933.464838703576,
            1935.255809465906,
            1940.869972733966,
            1931.670150942796,
            1931.670150942796
        ],
        "z_avg": 1934.586184557808,
        "z_err": 2.392220758940055,
        "phase_ref": 0,
        "phase_mid": [
            1.4172873212242596,
            1.3078606346787296,
            1.5239254100702198,
            1.5265113097618297,
            1.5265113097618297
        ],
        "phase_avg": 1.4604191970993736,
        "phase_err": Infinity
    },
    "2176.0": {
        "z_ref": 2176.0,
        "z_mid": [
            2109.586538005296,
            2116.259132845156,
            2116.259132845156,
            2125.124223627886,
            2125.124223627886
        ],
        "z_avg": 2118.4706501902756,
        "z_err": 2.6438120316968936,
        "phase_ref": 0,
        "phase_mid": [
            1.2985683313746197,
            1.5341240179200897,
            1.5341240179200897,
            1.6513730619722198,
            1.6513730619722198
        ],
        "phase_avg": 1.5339124982318477,
        "phase_err": Infinity
    },
    "2375.0": {
        "z_ref": 2375.0,
        "z_mid": [
            2308.134356186636,
            2284.791058299496,
            2308.112149588906,
            2297.7235392309763,
            2292.483632973216
        ],
        "z_avg": 2298.248947255846,
        "z_err": 3.2316232734380677,
        "phase_ref": 0,
        "phase_mid": [
            2.1344706081830593,
            1.6841911957319697,
            1.8100342487684997,
            2.0049880144283194,
            1.6184444566862997
        ],
        "phase_avg": 1.8504257047596298,
        "phase_err": Infinity
    },
    "2642.0": {
        "z_ref": 2642.0,
        "z_mid": [
            2563.628610964836,
            2554.037667908046,
            2554.037667908046,
            2570.072697256376,
            2550.824559931596
        ],
        "z_avg": 2558.5202407937804,
        "z_err": 3.159718365110506,
        "phase_ref": 0,
        "phase_mid": [
            2.4299290667548896,
            2.1413821882696995,
            2.1413821882696995,
            2.5030863037736792,
            2.2847100757346794
        ],
        "phase_avg": 2.3000979645605293,
        "phase_err": Infinity
    },
    "2853.0": {
        "z_ref": 2853.0,
        "z_mid": [
            2757.8238046495962,
            2757.8238046495962,
            2750.417464039756,
            2757.8238046495962,
            2739.425159819696
        ],