{
    "465ohm": {
        "r": 465.0,
        "c": 0.0,
        "z_ref": 465.0,
        "z_mid": [
            466.141770017236,
            466.23182066968,
            466.257721929203,
            465.819719542353,
            466.554291959147
        ],
        "phase_ref": -0.0,
        "phase_mid": [
            -0.6677692014581,
            -0.693106372351281,
            -0.631355834902024,
            -0.715212747072371,
            -0.645605539457222
        ]
    },
    "465ohm 10.57nF": {
        "r": 465.0,
        "c": 1.057e-08,
        "z_ref": 315.78681101148607,
        "z_mid": [
            199.431619325955,
            199.364340563084,
            199.458333094822,
            199.489676480629,
            199.342290160712
        ],
        "phase_ref": -47.2257546502016,
        "phase_mid": [
            -64.7303254021735,
            -64.6983126492006,
            -64.7213239051286,
            -64.7289991458092,
            -64.7239796951444
        ]
    },
    "465ohm 150pF": {
        "r": 465.0,
        "c": 1.5e-10,
        "z_ref": 464.94530714689824,
        "z_mid": [
            466.45361433106,
            466.280368705466,
            465.916790190859,
            465.83060446808,
            465.916790190859
        ],
        "phase_ref": -0.8787810845733387,
        "phase_mid": [
            -1.67372718891227,
            -1.62266649123336,
            -1.73109900027436,
            -1.70558266021288,
            -1.73109900027436
        ]
    },
    "465ohm 180pF": {
        "r": 465.0,
        "c": 1.8e-10,
        "z_ref": 464.9212484046144,
        "z_mid": [
            466.002915336549,
            465.83060446808,
            465.83060446808,
            466.245775319289,
            466.45361433106
        ],
        "phase_ref": -1.0545009215376173,
        "phase_mid": [
            -1.75662477883759,
            -1.70558266021288,
            -1.70558266021288,
            -1.68435514257345,
            -1.67372718891227
        ]
    },
    "465ohm 3.83nF": {
        "r": 465.0,
        "c": 3.83e-09,
        "z_ref": 432.9768869975576,
        "z_mid": [
            438.835597150134,
            439.601308787926,
            439.003802854558,
            439.386461967786,
            438.606364413736
        ],
        "phase_ref": -21.387862485870425,
        "phase_mid": [
            -19.8998200907014,
            -19.8398691149982,
            -19.845911531332,
            -19.8159036872854,
            -19.8499306917315
        ]
    },
    "465ohm 5.53nF": {
        "r": 465.0,
        "c": 5.53e-09,
        "z_ref": 404.7642033153018,
        "z_mid": [
            411.299497309015,
            411.323952873411,
            410.974831063152,
            411.161420165225,
            410.800491772132
        ],
        "phase_ref": -29.487785537397745,
        "phase_mid": [
            -28.3048313760333,
            -28.2561617817752,
            -28.2527785633572,
            -28.2301427788742,
            -28.2510891069329
        ]
    },
    "465ohm 90pF": {
        "r": 465.0,
        "c": 9e-11,
        "z_ref": 464.98030834947406,
        "z_mid": [
            466.803246971032,
            465.974508814916,
            466.062401541343,
            466.833713046197,
            466.300357091077
        ],
        "phase_ref": -0.527295112923072,
        "phase_mid": [
            -1.20521205865742,
            -1.24853222584767,
            -1.27397109621671,
            -1.14341648957247,
            -1.20144361579685
        ]
    },
    "1003ohm": {
        "r": 1003.0,
        "c": 0.0,
        "z_ref": 1003.0000000000001,
        "z_mid": [
            1001.95506411913,
            1005.85507704277,
            1002.05154051462,
            1005.42300108423,
            1002.05154051462
        ],
        "phase_ref": -0.0,
        "phase_mid": [
            -0.157203552461965,
            0.0735810727370563,
            -0.0244342718745543,
            0.127906800946619,
            -0.0244342718745543
        ]
    },
    "1003ohm 10.57nF": {
        "r": 1003.0,
        "c": 1.057e-08,
        "z_ref": 395.3723892273706,
        "z_mid": [
            408.595850393338,
            408.582840561221,
            408.467377963378,
            408.351940235329,
            408.852939649448
        ],
        "phase_ref": -66.78454522687879,
        "phase_mid": [
            -66.2421652699972,
            -66.2079434005849,
            -66.2259659637913,
            -66.2439783419986,
            -66.2745944654986
        ]
    },
    "1003ohm 150pF": {
        "r": 1003.0,
        "c": 1.5e-10,
        "z_ref": 1002.451477090049,
        "z_mid": [
            1001.60819501924,
            999.686493432791,
            1001.60819501924,
            1000.64649705863,
            1003.14436715556
        ],
        "phase_ref": -1.8949787477183566,
        "phase_mid": [
            -2.23247441195281,
            -2.27697989440588,
            -2.23247441195281,
            -2.25474852091219,
            -2.132669192322
        ]
    },
    "1003ohm 180pF": {
        "r": 1003.0,
        "c": 1.8e-10,
        "z_ref": 1002.2104119420248,
        "z_mid": [
            1003.53669002153,
            1002.57159133116,
            1001.60819501924,
            999.686493432791,
            999.114273708765
        ],
        "phase_ref": -2.273609860821007,
        "phase_mid": [
            -2.18779752087067,
            -2.21015745093541,
            -2.23247441195281,
            -2.27697989440588,
            -2.35411871065321
        ]
    },
    "1003ohm 3.83nF": {
        "r": 1003.0,
        "c": 3.83e-09,
        "z_ref": 766.1923200527444,
        "z_mid": [
            801.386214313828,
            804.4934877,
            803.188944650992,
            801.888517278232,
            804.64165171732
        ],
        "phase_ref": -40.19071493709271,
        "phase_mid": [
            -36.9754991504672,
            -37.07448919,
            -37.0533851785906,
            -37.0323494979686,
            -37.0279525361612
        ]
    },
    "1003ohm 5.53nF": {
        "r": 1003.0,
        "c": 5.53e-09,
        "z_ref": 635.9049193667619,
        "z_mid": [
            665.239858370281,
            667.254422211244,
            664.823072722639,
            666.645037138734,
            664.217806884505
        ],
        "phase_ref": -50.65392861732564,
        "phase_mid": [
            -48.7237877622431,
            -48.6288178767906,
            -48.7074695704487,
            -48.64853468114,
            -48.7270430038869
        ]
    },
    "1003ohm 90pF": {
        "r": 1003.0,
        "c": 9e-11,
        "z_ref": 1002.8024280386211,
        "z_mid": [
            999.631902985579,
            1000.03726298306,
            1004.82131194772,
            1000.99075559967,
            1000.99075559967
        ],
        "phase_ref": -1.1372526267699496,
        "phase_mid": [
            -1.18696358160787,
            -1.24152320039349,
            -1.12492809101423,
            -1.21829309014504,
            -1.21829309014504
        ]
    },
    "1468ohm": {
        "r": 1468.0,
        "c": 0.0,
        "z_ref": 1468.0,
        "z_mid": [
            1470.9924749704,
            1461.83614422613,
            1462.91514850933,
            1461.83614422613,
            1470.9924749704
        ],
        "phase_ref": -0.0,
        "phase_mid": [
            0.766678366436224,
            0.504628235112591,
            0.619769481988726,
            0.504628235112591,
            0.766678366436224
        ]
    },
    "1468ohm 10.57nF": {
        "r": 1468.0,
        "c": 1.057e-08,
        "z_ref": 412.8438175607564,
        "z_mid": [
            218.882577251915,
            218.855800393924,
            218.89435948632,
            219.019699229473,
            218.992894528569
        ],
        "phase_ref": -73.66644545329348,