{
    "465ohm": {
        "r": 465.0,
        "c": 0.0,
        "z_ref": 465.0,
        "phase_ref": -0.0
    },
    "465ohm 10.57nF": {
        "r": 465.0,
        "c": 1.057e-08,
        "z_ref": 315.78681101148607,
        "phase_ref": -47.2257546502016
    },
    "465ohm 150pF": {
        "r": 465.0,
        "c": 1.5e-10,
        "z_ref": 464.94530714689824,
        "phase_ref": -0.8787810845733387
    },
    "465ohm 180pF": {
        "r": 465.0,
        "c": 1.8e-10,
        "z_ref": 464.9212484046144,
        "phase_ref": -1.0545009215376173
    },
    "465ohm 3.83nF": {
        "r": 465.0,
        "c": 3.83e-09,
        "z_ref": 432.9768869975576,
        "phase_ref": -21.387862485870425
    },
    "465ohm 5.53nF": {
        "r": 465.0,
        "c": 5.53e-09,
        "z_ref": 404.7642033153018,
        "phase_ref": -29.487785537397745
    },
    "465ohm 90pF": {
        "r": 465.0,
        "c": 9e-11,
        "z_ref": 464.98030834947406,
        "phase_ref": -0.527295112923072
    },
    "1003ohm": {
        "r": 1003.0,
        "c": 0.0,
        "z_ref": 1003.0000000000001,
        "phase_ref": -0.0
    },
    "1003ohm 10.57nF": {
        "r": 1003.0,
        "c": 1.057e-08,
        "z_ref": 395.3723892273706,
        "phase_ref": -66.78454522687879
    },
    "1003ohm 150pF": {
        "r": 1003.0,
        "c": 1.5e-10,
        "z_ref": 1002.451477090049,
        "phase_ref": -1.8949787477183566
    },
    "1003ohm 180pF": {
        "r": 1003.0,
        "c": 1.8e-10,
        "z_ref": 1002.2104119420248,
        "phase_ref": -2.273609860821007
    },
    "1003ohm 3.83nF": {
        "r": 1003.0,
        "c": 3.83e-09,
        "z_ref": 766.1923200527444,
        "phase_ref": -40.19071493709271
    },
    "1003ohm 5.53nF": {
        "r": 1003.0,
        "c": 5.53e-09,
        "z_ref": 635.9049193667619,
        "phase_ref": -50.65392861732564
    },
    "1003ohm 90pF": {
        "r": 1003.0,
        "c": 9e-11,
        "z_ref": 1002.8024280386211,
        "phase_ref": -1.1372526267699496
    },
    "1468ohm": {
        "r": 1468.0,
        "c": 0.0,
        "z_ref": 1468.0,
        "phase_ref": -0.0
    },
    "1468ohm 10.57nF": {
        "r": 1468.0,
        "c": 1.057e-08,
        "z_ref": 412.8438175607564,
        "phase_ref": -73.66644545329348
    },
    "1468ohm 150pF": {
        "r": 1468.0,
        "c": 1.5e-10,
        "z_ref": 1466.2818402511311,
        "phase_ref": -2.7723543582386685
    },
    "1468ohm 180pF": {
        "r": 1468.0,
        "c": 1.8e-10,
        "z_ref": 1465.5277587843195,
        "phase_ref": -3.3256840815186095
    },
    "1468ohm 3.83nF": {
        "r": 1468.0,
        "c": 3.83e-09,
        "z_ref": 923.1459800455001,
        "phase_ref": -51.034963653088965
    },
    "1468ohm 5.53nF": {
        "r": 1468.0,
        "c": 5.53e-09,
        "z_ref": 717.4116652914208,
        "phase_ref": -60.74482497077133
    },
    "1468ohm 90pF": {
        "r": 1468.0,
        "c": 9e-11,
        "z_ref": 1467.3807669096018,
        "phase_ref": -1.6642438005327382
    }
}