{
    "1003ohm": {
        "r": 1003.0,
        "c": 0.0,
        "z_ref": 1003.0000000000001,
        "phase_ref": -0.0
    },
    "1003ohm 10.57nF": {
        "r": 1003.0,
        "c": 1.057e-08,
        "z_ref": 395.3723892273706,
        "phase_ref": -66.78454522687879
    },
    "1003ohm 150pF": {
        "r": 1003.0,
        "c": 1.5e-10,
        "z_ref": 1002.451477090049,
        "phase_ref": -1.8949787477183566
    },
    "1003ohm 180pF": {
        "r": 1003.0,
        "c": 1.8e-10,
        "z_ref": 1002.2104119420248,
        "phase_ref": -2.273609860821007
    },
    "1003ohm 3.83nF": {
        "r": 1003.0,
        "c": 3.83e-09,
        "z_ref": 766.1923200527444,
        "phase_ref": -40.19071493709271
    },
    "1003ohm 5.53nF": {
        "r": 1003.0,
        "c": 5.53e-09,
        "z_ref": 635.9049193667619,
        "phase_ref": -50.65392861732564
    },
    "1003ohm 90pF": {
        "r": 1003.0,
        "c": 9e-11,
        "z_ref": 1002.8024280386211,
        "phase_ref": -1.1372526267699496
    }
}